SampleID,Target
valid1,-0.800042573133
valid2,0.996831290086
valid3,-0.877214479875
valid4,-0.690805032919
valid5,0.995973650233
valid6,0.950031883135
valid7,0.834701610746
valid8,0.90272711288
valid9,0.982432260964
valid10,-1.0
valid11,-0.977755923722
valid12,-0.998079730291
valid13,1.0
valid14,-1.0
valid15,1.0
valid16,0.775196651698
valid17,-0.807504388936
valid18,0.761143385094
valid19,0.700001578183
valid20,-0.700857351732
valid21,-0.918607217073
valid22,-1.0
valid23,1.0
valid24,-0.828704008209
valid25,1.0
valid26,1.0
valid27,-1.0
valid28,0.99361734904
valid29,0.981729594819
valid30,-0.895935256338
valid31,-0.948047659748
valid32,-0.783027712293
valid33,-0.890012292779
valid34,1.0
valid35,-0.746827129861
valid36,0.837347171923
valid37,-0.783027712293
valid38,-0.948047659748
valid39,0.948047659748
valid40,-1.0
valid41,-0.948047659748
valid42,1.0
valid43,1.0
valid44,-1.0
valid45,1.0
valid46,1.0
valid47,-0.987608288734
valid48,0.923875296017
valid49,0.756311704669
valid50,-0.997044808624
valid51,-1.0
valid52,-1.0
valid53,1.0
valid54,1.0
valid55,0.944264386937
valid56,-0.864931657533
valid57,1.0
valid58,0.775196651698
valid59,0.904085095294
valid60,-0.918607217073
valid61,-1.0
valid62,0.736273696947
valid63,1.0
valid64,0.70533264384
valid65,-1.0
valid66,-0.894582443572
valid67,-0.999139096188
valid68,0.887016495416
valid69,-0.998409938394
valid70,1.0
valid71,0.876784482154
valid72,1.0
valid73,0.940482628324
valid74,-1.0
valid75,-0.955266128535
valid76,1.0
valid77,-0.755056874974
valid78,0.893573502065
valid79,-1.0
valid80,1.0
valid81,0.948047659748
valid82,-1.0
valid83,-1.0
valid84,1.0
valid85,0.84117899461
valid86,0.740829743029
valid87,0.786025654193
valid88,0.978930144184
valid89,1.0
valid90,-1.0
valid91,0.948047659748
valid92,0.671371564973
valid93,0.750091454659
valid94,-0.999285766841
valid95,-0.921275395872
valid96,1.0
valid97,0.75650048145
valid98,-0.897243755791
valid99,-0.721356729567
valid100,1.0
valid101,-0.706383190189
valid102,-0.686304253806
valid103,1.0
valid104,0.735830736431
valid105,0.711770588914
valid106,-1.0
valid107,-1.0
valid108,1.0
valid109,1.0
valid110,1.0
valid111,0.768119586135
valid112,1.0
valid113,-1.0
valid114,-1.0
valid115,-1.0
valid116,-0.736273696947
valid117,0.8382645086
valid118,-0.927394125174
valid119,0.898971228097
valid120,0.992695803512
valid121,1.0
valid122,1.0
valid123,0.786025654193
valid124,-0.848768198215
valid125,-0.963832552276
valid126,-1.0
valid127,-0.885855449741
valid128,1.0
valid129,-1.0
valid130,-1.0
valid131,1.0
valid132,1.0
valid133,0.720133827748
valid134,-1.0
valid135,0.842332295896
valid136,-1.0
valid137,-1.0
valid138,1.0
valid139,1.0
valid140,0.992026844491
valid141,-1.0
valid142,0.987608288734
valid143,-0.758504299121
valid144,-0.808803369377
valid145,0.838748633723
valid146,1.0
valid147,-0.966513176645
valid148,0.8576419556
valid149,0.769925602617
valid150,-1.0
valid151,-0.792124941194
valid152,-1.0
valid153,0.792740018191
valid154,-1.0
valid155,1.0
valid156,0.894582443572
valid157,-1.0
valid158,-1.0
valid159,-0.713626285716
valid160,1.0
valid161,0.992037600469
valid162,-1.0
valid163,-1.0
valid164,0.804051283251
valid165,0.923288524607
valid166,0.910492917131
valid167,-0.932135808035
valid168,1.0
valid169,0.700857351732
valid170,-1.0
valid171,0.895818152176
valid172,0.90378654363
valid173,-1.0
valid174,-0.666666666667
valid175,1.0
valid176,-0.745818420531
valid177,-0.869841028666
valid178,1.0
valid179,1.0
valid180,-1.0
valid181,0.927114611946
valid182,-0.921275395872
valid183,-1.0
valid184,-1.0
valid185,-0.727505758478
valid186,0.995973650233
valid187,1.0
valid188,-1.0
valid189,-1.0
valid190,-1.0
valid191,0.8576419556
valid192,-1.0
valid193,1.0
valid194,1.0
valid195,-1.0
valid196,-1.0
valid197,-1.0
valid198,0.675993477026
valid199,-0.828509626217
valid200,-0.777398134018
valid201,1.0
valid202,-1.0
valid203,0.917869608805
valid204,0.994258269911
valid205,1.0
valid206,0.937716203176
valid207,0.79434862095
valid208,1.0
valid209,0.894582443572
valid210,1.0
valid211,-0.934159993387
valid212,-0.953800263936
valid213,-0.998451581369
valid214,-1.0
valid215,-0.995392638238
valid216,-0.860553834422
valid217,-0.907664247751
valid218,-0.798407950564
valid219,0.695345094131
valid220,-1.0
valid221,-0.985035914583
valid222,-0.778795590455
valid223,0.715499571182
valid224,-0.944264386937
valid225,-1.0
valid226,1.0
valid227,1.0
valid228,1.0
valid229,-0.768119586135
valid230,-1.0
valid231,-1.0
valid232,-1.0
valid233,-1.0
valid234,1.0
valid235,-0.998409938394
valid236,0.970590162194
valid237,0.75650048145
valid238,1.0
valid239,1.0
valid240,-1.0
valid241,-1.0
valid242,-1.0
valid243,-0.997179180623
valid244,0.671627894638
valid245,-0.671257421942
valid246,0.946812254604
valid247,-1.0
valid248,0.876784482154
valid249,1.0
valid250,1.0
valid251,1.0
valid252,-0.709984899183
valid253,-0.895818152176
valid254,-1.0
valid255,1.0
valid256,1.0
valid257,1.0
valid258,-1.0
valid259,1.0
valid260,-1.0
valid261,0.943631695118
valid262,-1.0
valid263,-1.0
valid264,-1.0
valid265,1.0
valid266,-1.0
valid267,-1.0
valid268,0.958419831278
valid269,-1.0
valid270,-0.996831290086
valid271,0.948047659748
valid272,-0.677070509911
valid273,-0.820925412122
valid274,1.0
valid275,1.0
valid276,1.0
valid277,-0.816154683051
valid278,-0.872715731202
valid279,-0.704852780177
valid280,1.0
valid281,1.0
valid282,1.0
valid283,-0.933503399991
valid284,1.0
valid285,-1.0
valid286,-1.0
valid287,-0.858413923374
valid288,-1.0
valid289,-0.907664247751
valid290,1.0
valid291,1.0
valid292,1.0
valid293,-1.0
valid294,1.0
valid295,-1.0
valid296,1.0
valid297,-1.0
valid298,0.792740018191
valid299,0.917869608805
valid300,-0.923288524607
valid301,1.0
valid302,-0.761143385094
valid303,1.0
valid304,-1.0
valid305,1.0
valid306,0.989725888972
valid307,-0.998409938394
valid308,-1.0
valid309,0.757452732501
valid310,-0.809557171471
valid311,-0.936402637868
valid312,-0.99045697985
valid313,0.977755923722
valid314,0.983600616303
valid315,0.855667813531
valid316,1.0
valid317,0.933410284294
valid318,-0.744675431901
valid319,0.826845907411
valid320,0.681191330282
valid321,-0.81908255035
valid322,-0.953800263936
valid323,-1.0
valid324,-1.0
valid325,-1.0
valid326,-0.671371564973
valid327,0.745818420531
valid328,0.740829743029
valid329,-0.999435164015
valid330,-0.818083614891
valid331,0.858022940752
valid332,1.0
valid333,-0.690805032919
valid334,1.0
valid335,-0.73050372921
valid336,-1.0
valid337,-0.70533264384
valid338,1.0
valid339,-0.702783188471
valid340,-1.0
valid341,0.979683578354
valid342,-0.992037600469
valid343,-1.0
valid344,-1.0
valid345,1.0
valid346,-1.0
valid347,-0.766848560235
valid348,-0.994915046088
valid349,1.0
valid350,-0.757452732501
valid351,0.671627894638
valid352,0.783308756983
valid353,1.0
valid354,-1.0
valid355,1.0
valid356,-0.709940712565
valid357,-1.0
valid358,0.786025654193
valid359,1.0
valid360,-1.0
valid361,0.894562781425
valid362,-1.0
valid363,1.0
valid364,1.0
valid365,0.877214479875
valid366,0.8576419556
valid367,0.817387173306
valid368,-1.0
valid369,-0.884493073769
valid370,0.827013198847
valid371,0.690805032919
valid372,-0.998082115333
valid373,-1.0
valid374,0.925443945598
valid375,0.868511913523
valid376,-0.887493431217
valid377,-0.730424138603
valid378,-0.937954808239
valid379,1.0
valid380,-1.0
valid381,-1.0
valid382,1.0
valid383,0.912532091324
valid384,0.894562781425
valid385,1.0
valid386,-0.955934481147
valid387,-1.0
valid388,1.0
valid389,-0.874843802613
valid390,-1.0
valid391,-0.87028686607
valid392,1.0
valid393,1.0
valid394,0.948047659748
valid395,1.0
valid396,-0.997494795729
valid397,-1.0
valid398,-1.0
valid399,1.0
valid400,1.0
valid401,0.997850159822
valid402,1.0
valid403,1.0
valid404,-0.994915046088
valid405,1.0
valid406,-0.909163370514
valid407,-0.772227935358
valid408,-1.0
valid409,-1.0
valid410,1.0
valid411,0.948047659748
valid412,-1.0
valid413,-1.0
valid414,-0.834701610746
valid415,0.732087362327
valid416,1.0
valid417,-1.0
valid418,-1.0
valid419,0.909462361512
valid420,0.979036091462
valid421,1.0
valid422,-1.0
valid423,1.0
valid424,0.798407950564
valid425,-0.90272711288
valid426,0.896804950135
valid427,-1.0
valid428,1.0
valid429,1.0
valid430,-1.0
valid431,0.990526815036
valid432,1.0
valid433,1.0
valid434,-0.761874112928
valid435,0.877708638245
valid436,-1.0
valid437,-0.994258269911
valid438,1.0
valid439,0.753533821158
valid440,0.742767454906
valid441,-1.0
valid442,-1.0
valid443,-1.0
valid444,1.0
valid445,-0.973125081183
valid446,0.725079960619
valid447,0.736273696947
valid448,1.0
valid449,-0.99357695358
valid450,0.870362137259
valid451,0.847623544463
valid452,1.0
valid453,0.742767454906
valid454,-1.0
valid455,-1.0
valid456,-0.666666666667
valid457,-1.0
valid458,-0.989725888972
valid459,-0.931893157401
valid460,-1.0
valid461,0.77245294813
valid462,0.920183902185
valid463,0.995883242141
valid464,1.0
valid465,1.0
valid466,0.960209371836
valid467,-0.93761311642
valid468,-0.948558729407
valid469,1.0
valid470,-0.963832552276
valid471,-0.962713093666
valid472,-0.772227935358
valid473,-0.860553834422
valid474,1.0
valid475,-0.918607217073
valid476,0.694991981932
valid477,0.929078847758
valid478,-1.0
valid479,-0.777398134018
valid480,0.709984899183
valid481,-1.0
valid482,1.0
valid483,-1.0
valid484,-1.0
valid485,0.997602316297
valid486,-0.804051283251
valid487,-0.880259854356
valid488,1.0
valid489,0.678397004656
valid490,-0.933503399991
valid491,-1.0
valid492,-1.0
valid493,-1.0
valid494,-1.0
valid495,1.0
valid496,1.0
valid497,-0.948047659748
valid498,-1.0
valid499,1.0
valid500,-1.0
valid501,0.985127696516
valid502,1.0
valid503,-1.0
valid504,1.0
valid505,-1.0
valid506,-0.954836540765
valid507,-1.0
valid508,-0.973125081183
valid509,-0.916412864827
valid510,0.983600616303
valid511,-1.0
valid512,-0.924668847256
valid513,0.735830736431
valid514,0.834701610746
valid515,0.955934481147
valid516,0.81908255035
valid517,-1.0
valid518,0.946366787293
valid519,1.0
valid520,-1.0
valid521,1.0
valid522,0.91191370813
valid523,1.0
valid524,-0.77022597979
valid525,-1.0
valid526,-0.994213690182
valid527,-0.671257421942
valid528,-1.0
valid529,0.99890224109
valid530,0.994213690182
valid531,0.989601144393
valid532,0.927114611946
valid533,1.0
valid534,-1.0
valid535,-1.0
valid536,-0.73092015751
valid537,0.824635096826
valid538,0.868035070921
valid539,-0.980126803243
valid540,1.0
valid541,-1.0
valid542,-0.886072564633
valid543,-1.0
valid544,1.0
valid545,-0.904445534035
valid546,-0.792764704836
valid547,0.838748633723
valid548,-1.0
valid549,-0.88152502599
valid550,-1.0
valid551,1.0
valid552,0.878828123963
valid553,0.739107234908
valid554,-1.0
valid555,-0.739107234908
valid556,-0.735830736431
valid557,-0.993674583456
valid558,-0.869841028666
valid559,-1.0
valid560,-1.0
valid561,0.981663630081
valid562,1.0
valid563,-1.0
valid564,-1.0
valid565,1.0
valid566,1.0
valid567,-1.0
valid568,-0.795132295829
valid569,-0.90378654363
valid570,0.713626285716
valid571,-0.934159993387
valid572,1.0
valid573,-1.0
valid574,0.890012292779
valid575,1.0
valid576,-0.686081389968
valid577,-1.0
valid578,0.804035198469
valid579,0.933503399991
valid580,-1.0
valid581,-0.960228568894
valid582,-1.0
valid583,-0.948047659748
valid584,1.0
valid585,1.0
valid586,1.0
valid587,1.0
valid588,1.0
valid589,-0.996165446757
valid590,-0.948047659748
valid591,1.0
valid592,0.84117899461
valid593,-0.79680666393
valid594,1.0
valid595,-0.736273696947
valid596,1.0
valid597,-0.742767454906
valid598,1.0
valid599,0.995392638238
valid600,0.994446100417
valid601,1.0
valid602,-0.793387716147
valid603,0.717474058381
valid604,-1.0
valid605,-1.0
valid606,1.0
valid607,0.905954079676
valid608,1.0
valid609,-0.988268563071
valid610,-1.0
valid611,1.0
valid612,1.0
valid613,-1.0
valid614,-0.925443945598
valid615,0.94486431641
valid616,-1.0
valid617,0.948047659748
valid618,-0.948929250828
valid619,-0.981729594819
valid620,0.720133827748
valid621,1.0
valid622,1.0
valid623,-1.0
valid624,0.976590417545
valid625,-0.805149762701
valid626,-1.0
valid627,1.0
valid628,0.946366787293
valid629,-1.0
valid630,-0.946812254604
valid631,0.874843802613
valid632,1.0
valid633,0.84770283654
valid634,-0.766848560235
valid635,1.0
valid636,-1.0
valid637,0.995973650233
valid638,-0.740829743029
valid639,0.690206112586
valid640,0.983600616303
valid641,0.709984899183
valid642,-1.0
valid643,1.0
valid644,0.996867254117
valid645,0.975913354468
valid646,-0.999071061894
valid647,-0.82627584933
valid648,-0.671257421942
valid649,1.0
valid650,-0.742767454906
valid651,0.671627894638
valid652,-0.671257421942
valid653,-1.0
valid654,1.0
valid655,1.0
valid656,-1.0
valid657,-1.0
valid658,-0.984864123491
valid659,0.969260295491
valid660,-1.0
valid661,-1.0
valid662,-1.0
valid663,0.936963604778
valid664,1.0
valid665,1.0
valid666,-0.80013134431
valid667,-0.996690075419
valid668,-0.736273696947
valid669,-1.0
valid670,-0.995973650233
valid671,1.0
valid672,1.0
valid673,-1.0
valid674,0.987006384098
valid675,-1.0
valid676,1.0
valid677,0.824635096826
valid678,0.976305255532
valid679,-0.789447763273
valid680,-0.944032365098
valid681,-1.0
valid682,-1.0
valid683,1.0
valid684,-0.666666666667
valid685,-1.0
valid686,0.993332047606
valid687,0.671257421942
valid688,0.909462361512
valid689,-1.0
valid690,0.671257421942
valid691,-1.0
valid692,0.981729594819
valid693,1.0
valid694,-1.0
valid695,-1.0
valid696,-0.996184235264
valid697,-0.79680666393
valid698,-1.0
valid699,1.0
valid700,-1.0
valid701,-1.0
valid702,0.721523751427
valid703,-0.88152502599
valid704,1.0
valid705,1.0
valid706,-0.831146965861
valid707,-1.0
valid708,1.0
valid709,1.0
valid710,-0.988268563071
valid711,0.831146965861
valid712,-0.967642872195
valid713,1.0
valid714,-1.0
valid715,1.0
valid716,1.0
valid717,-1.0
valid718,0.967642872195
valid719,1.0
valid720,1.0
valid721,1.0
valid722,0.829213584766
valid723,-0.976590417545
valid724,0.744675431901
valid725,0.671257421942
valid726,1.0
valid727,0.963713185631
valid728,-0.881555200972
valid729,0.994213690182
valid730,0.694668173351
valid731,0.948047659748
valid732,1.0
valid733,0.80389796993
valid734,0.999383092947
valid735,-1.0
valid736,-1.0
valid737,-0.933503399991
valid738,0.768380171599
valid739,0.837347171923
valid740,-0.937954808239
valid741,-1.0
valid742,-0.772227935358
valid743,0.676357201123
valid744,-0.997608385654
valid745,-0.814402371363
valid746,1.0
valid747,1.0
valid748,1.0
valid749,1.0
valid750,-1.0
valid751,-0.976305255532
valid752,1.0
valid753,-1.0
valid754,-1.0
valid755,-0.999495217084
valid756,-1.0
valid757,1.0
valid758,1.0
valid759,-1.0
valid760,1.0
valid761,1.0
valid762,-0.940500276887
valid763,0.805149762701
valid764,0.834701610746
valid765,-0.675993477026
valid766,0.741765382441
valid767,0.986094356853
valid768,0.90378654363
valid769,0.877708638245
valid770,0.828509626217
valid771,-1.0
valid772,0.877708638245
valid773,-1.0
valid774,-1.0
valid775,-1.0
valid776,-0.732947465466
valid777,-0.962634653423
valid778,0.858022940752
valid779,1.0
valid780,0.745818420531
valid781,0.69954913806
valid782,-1.0
valid783,-0.700001578183
valid784,-1.0
valid785,1.0
valid786,1.0
valid787,-0.946812254604
valid788,-0.999139096188
valid789,0.837108395661
valid790,1.0
valid791,-0.918339017938
valid792,1.0
valid793,1.0
valid794,1.0
valid795,-0.868035070921
valid796,-1.0
valid797,1.0
valid798,1.0
valid799,0.885855449741
valid800,1.0
valid801,-0.997432261173
valid802,-1.0
valid803,1.0
valid804,-0.910817272468
valid805,-0.913382811988
valid806,-0.876610639047
valid807,-1.0
valid808,0.886072564633
valid809,1.0
valid810,-1.0
valid811,-0.933503399991
valid812,-0.986172185021
valid813,1.0
valid814,1.0
valid815,-1.0
valid816,1.0
valid817,-0.874843802613
valid818,-1.0
valid819,-0.86765606395
valid820,0.671371564973
valid821,-1.0
valid822,1.0
valid823,-0.666666666667
valid824,0.824635096826
valid825,-0.673025779507
valid826,-1.0
valid827,0.996900800367
valid828,1.0
valid829,-0.864931657533
valid830,0.717474058381
valid831,0.917869608805
valid832,-0.963832552276
valid833,-1.0
valid834,0.898160120013
valid835,-0.87028686607
valid836,1.0
valid837,1.0
valid838,1.0
valid839,0.81054629929
valid840,-1.0
valid841,1.0
valid842,-1.0
valid843,0.998173207585
valid844,-1.0
valid845,-0.85853763907
valid846,0.709940712565
valid847,-0.981084086807
valid848,0.936349058857
valid849,1.0
valid850,-0.776924759489
valid851,-0.824635096826
valid852,-1.0
valid853,0.905954079676
valid854,-1.0
valid855,1.0
valid856,0.933503399991
valid857,-0.764354621331
valid858,-1.0
valid859,-1.0
valid860,0.890012292779
valid861,-0.700857351732
valid862,-0.834701610746
valid863,-0.855667813531
valid864,-1.0
valid865,0.745818420531
valid866,-1.0
valid867,-0.848908281974
valid868,0.814402371363
valid869,1.0
valid870,-1.0
valid871,-0.933410284294
valid872,0.742767454906
valid873,1.0
valid874,1.0
valid875,-1.0
valid876,-1.0
valid877,-1.0
valid878,-0.97451412655
valid879,-0.715499571182
valid880,0.751322841114
valid881,-0.808341671412
valid882,-0.761143385094
valid883,0.675304585242
valid884,-1.0
valid885,1.0
valid886,0.874843802613
valid887,-0.948047659748
valid888,-0.948047659748
valid889,0.948047659748
valid890,-0.732947465466
valid891,1.0
valid892,-0.896804950135
valid893,1.0
valid894,-0.798407950564
valid895,0.870362137259
valid896,-0.904085095294
valid897,-0.894582443572
valid898,-0.675881004149
valid899,-0.963832552276
valid900,1.0
valid901,-0.895818152176
valid902,-1.0
valid903,0.976590417545
valid904,-1.0
valid905,-1.0
valid906,1.0
valid907,-0.948047659748
valid908,-0.984036629071
valid909,0.973125081183
valid910,-0.989076121142
valid911,-1.0
valid912,-0.998234155484
valid913,1.0
valid914,-1.0
valid915,1.0
valid916,-0.996165446757
valid917,1.0
valid918,0.976305255532
valid919,-0.725821908273
valid920,-1.0
valid921,1.0
valid922,-0.99294313385
valid923,0.985035914583
valid924,0.786025654193
valid925,0.818083614891
valid926,-0.864931657533
valid927,-0.991435071979
valid928,1.0
valid929,-0.924668847256
valid930,-0.998942705311
valid931,-1.0
valid932,-0.970590162194
valid933,0.838748633723
valid934,-0.999004950602
valid935,-0.768380171599
valid936,0.988268563071
valid937,-0.872715731202
valid938,0.996831290086
valid939,-1.0
valid940,0.982432260964
valid941,-1.0
valid942,-0.981084086807
valid943,0.9988864749
valid944,0.742767454906
valid945,-1.0
valid946,1.0
valid947,0.742767454906
valid948,1.0
valid949,-1.0
valid950,0.998942705311
valid951,-1.0
valid952,-0.809557171471
valid953,1.0
valid954,-1.0
valid955,1.0
valid956,-1.0
valid957,1.0
valid958,-0.967642872195
valid959,1.0
valid960,0.890012292779
valid961,0.948047659748
valid962,0.976590417545
valid963,-1.0
valid964,-1.0
valid965,1.0
valid966,0.948047659748
valid967,-0.854214726028
valid968,-0.99513128377
valid969,-0.761874112928
valid970,-1.0
valid971,0.702925429092
valid972,1.0
valid973,-0.955014114189
valid974,0.958419831278
valid975,0.757452732501
valid976,1.0
valid977,-0.985105684255
valid978,-1.0
valid979,-1.0
valid980,0.999662504451
valid981,-0.876784482154
valid982,0.805309833553
valid983,-0.815542736082
valid984,-1.0
valid985,0.971253194783
valid986,0.695345094131
valid987,-0.761143385094
valid988,-1.0
valid989,-1.0
valid990,0.948047659748
valid991,0.695345094131
valid992,-1.0
valid993,1.0
valid994,1.0
valid995,1.0
valid996,-0.988268563071
valid997,-1.0
valid998,-0.90272711288
valid999,-0.981719140563
valid1000,0.713377071592
valid1001,-1.0
valid1002,0.893573502065
valid1003,0.686304253806
valid1004,-1.0
valid1005,-1.0
valid1006,-1.0
valid1007,-0.690206112586
valid1008,1.0
valid1009,1.0
valid1010,-1.0
valid1011,1.0
valid1012,1.0
valid1013,-0.956063595993
valid1014,-1.0
valid1015,0.988268563071
valid1016,-1.0
valid1017,0.666666666667
valid1018,0.675304585242
valid1019,0.938407381672
valid1020,-0.999114820833
valid1021,-0.98734471044
valid1022,0.751072982355
valid1023,1.0
valid1024,-1.0
valid1025,-0.829423365313
valid1026,-0.916412864827
valid1027,-0.78560829378
valid1028,-1.0
valid1029,-0.996900800367
valid1030,0.996491235809
valid1031,0.814402371363
valid1032,1.0
valid1033,-0.884870086544
valid1034,-1.0
valid1035,0.933503399991
valid1036,-0.878828123963
valid1037,0.962634653423
valid1038,-1.0
valid1039,-0.820925412122
valid1040,-0.996126363291
valid1041,1.0
valid1042,1.0
valid1043,-1.0
valid1044,1.0
valid1045,1.0
valid1046,-1.0
valid1047,0.874843802613
valid1048,-1.0
valid1049,-0.740829743029
valid1050,-1.0
valid1051,0.995973650233
valid1052,0.990526815036
valid1053,0.735830736431
valid1054,0.897243755791
valid1055,-1.0
valid1056,1.0
valid1057,-1.0
valid1058,-0.948047659748
valid1059,-0.769925602617
valid1060,-1.0
valid1061,0.931893157401
valid1062,0.948047659748
valid1063,-1.0
valid1064,0.869841028666
valid1065,-0.680618695445
valid1066,1.0
valid1067,-0.694991981932
valid1068,-0.948047659748
valid1069,1.0
valid1070,0.700857351732
valid1071,0.675304585242
valid1072,-0.98734471044
valid1073,0.764354621331
valid1074,-0.918339017938
valid1075,1.0
valid1076,1.0
valid1077,-1.0
valid1078,-1.0
valid1079,-1.0
valid1080,0.768424208444
valid1081,1.0
valid1082,-1.0
valid1083,0.876784482154
valid1084,1.0
valid1085,0.807504388936
valid1086,0.976590417545
valid1087,-0.966513176645
valid1088,0.683231740107
valid1089,-1.0
valid1090,-0.948047659748
valid1091,-0.724652629901
valid1092,-0.948047659748
valid1093,0.787928696303
valid1094,-0.920183902185
valid1095,-0.761143385094
valid1096,-0.990526815036
valid1097,-1.0
valid1098,1.0
valid1099,0.933503399991
valid1100,-1.0
valid1101,0.987923160341
valid1102,0.969260295491
valid1103,0.969589556827
valid1104,1.0
valid1105,-0.960209371836
valid1106,-0.87455831748
valid1107,0.815542736082
valid1108,1.0
valid1109,-0.666666666667
valid1110,-0.820925412122
valid1111,0.981719140563
valid1112,-0.952021862107
valid1113,-1.0
valid1114,-1.0
valid1115,-0.929078847758
valid1116,1.0
valid1117,-0.968833877491
valid1118,1.0
valid1119,-1.0
valid1120,-0.711104974922
valid1121,1.0
valid1122,-1.0
valid1123,0.675881004149
valid1124,1.0
valid1125,0.974494998814
valid1126,0.676357201123
valid1127,0.84117899461
valid1128,-0.730424138603
valid1129,-1.0
valid1130,0.687767856363
valid1131,1.0
valid1132,-1.0
valid1133,1.0
valid1134,0.964937021372
valid1135,-1.0
valid1136,0.869841028666
valid1137,-1.0
valid1138,1.0
valid1139,0.728224226857
valid1140,0.698733958047
valid1141,-1.0
valid1142,0.918339017938
valid1143,1.0
valid1144,1.0
valid1145,0.967182592733
valid1146,1.0
valid1147,1.0
valid1148,0.948047659748
valid1149,-0.848768198215
valid1150,-1.0
valid1151,-0.680618695445
valid1152,-1.0
valid1153,-1.0
valid1154,1.0
valid1155,0.948047659748
valid1156,-0.969589556827
valid1157,0.920438053807
valid1158,-1.0
valid1159,-0.953855306675
valid1160,1.0
valid1161,0.874843802613
valid1162,1.0
valid1163,1.0
valid1164,-1.0
valid1165,0.877214479875
valid1166,-0.804035198469
valid1167,-1.0
valid1168,0.907664247751
valid1169,-1.0
valid1170,1.0
valid1171,-1.0
valid1172,1.0
valid1173,-1.0
valid1174,0.693184698117
valid1175,-0.913382811988
valid1176,-1.0
valid1177,-0.970590162194
valid1178,0.804035198469
valid1179,1.0
valid1180,0.987836237649
valid1181,1.0
valid1182,-1.0
valid1183,0.956603731735
valid1184,-0.998421915389
valid1185,-1.0
valid1186,1.0
valid1187,1.0
valid1188,-1.0
valid1189,0.973125081183
valid1190,-0.768119586135
valid1191,-1.0
valid1192,-1.0
valid1193,1.0
valid1194,1.0
valid1195,-1.0
valid1196,-0.761143385094
valid1197,1.0
valid1198,-1.0
valid1199,1.0
valid1200,1.0
valid1201,1.0
valid1202,-1.0
valid1203,0.742767454906
valid1204,-1.0
valid1205,0.989076121142
valid1206,-1.0
valid1207,-1.0
valid1208,-1.0
valid1209,0.694991981932
valid1210,-1.0
valid1211,1.0
valid1212,-1.0
valid1213,-1.0
valid1214,1.0
valid1215,0.999978997206
valid1216,1.0
valid1217,1.0
valid1218,1.0
valid1219,0.84770283654
valid1220,-0.820925412122
valid1221,1.0
valid1222,0.985840929257
valid1223,-1.0
valid1224,1.0
valid1225,-0.869841028666
valid1226,-1.0
valid1227,-0.767768680078
valid1228,0.772227935358
valid1229,1.0
valid1230,0.933503399991
valid1231,-0.711811645181
valid1232,0.956063595993
valid1233,-0.751322841114
valid1234,-1.0
valid1235,1.0
valid1236,-1.0
valid1237,0.948047659748
valid1238,-1.0
valid1239,-0.666666666667
valid1240,1.0
valid1241,0.894562781425
valid1242,0.86765606395
valid1243,-1.0
valid1244,0.950031883135
valid1245,-1.0
valid1246,-0.711811645181
valid1247,0.950031883135
valid1248,-0.85853763907
valid1249,0.962713093666
valid1250,1.0
valid1251,1.0
valid1252,1.0
valid1253,-1.0
valid1254,-1.0
valid1255,0.736273696947
valid1256,0.686304253806
valid1257,1.0
valid1258,0.9883402167
valid1259,1.0
valid1260,1.0
valid1261,-0.881650696946
valid1262,1.0
valid1263,1.0
valid1264,-1.0
valid1265,1.0
valid1266,-1.0
valid1267,0.717474058381
valid1268,1.0
valid1269,-0.690805032919
valid1270,-1.0
valid1271,0.998938399471
valid1272,-1.0
valid1273,1.0
valid1274,0.950031883135
valid1275,-0.838748633723
valid1276,-0.948047659748
valid1277,1.0
valid1278,1.0
valid1279,-1.0
valid1280,0.671257421942
valid1281,-0.747126670639
valid1282,0.968584039501
valid1283,-0.680618695445
valid1284,-0.991186740853
valid1285,-1.0
valid1286,1.0
valid1287,0.675993477026
valid1288,1.0
valid1289,1.0
valid1290,-0.87455831748
valid1291,1.0
valid1292,-0.996165446757
valid1293,-0.988885484213
valid1294,0.769925602617
valid1295,1.0
valid1296,0.725079960619
valid1297,-1.0
valid1298,1.0
valid1299,-0.671257421942
valid1300,1.0
valid1301,1.0
valid1302,-1.0
valid1303,1.0
valid1304,-0.870362137259
valid1305,-0.868035070921
valid1306,-0.850990901975
valid1307,1.0
valid1308,-1.0
valid1309,1.0
valid1310,0.998175244084
valid1311,-1.0
valid1312,-1.0
valid1313,-0.81908255035
valid1314,0.890012292779
valid1315,1.0
valid1316,0.963832552276
valid1317,-1.0
valid1318,0.798407950564
valid1319,-0.825180959023
valid1320,1.0
valid1321,0.671257421942
valid1322,-0.954697200461
valid1323,0.948929250828
valid1324,-1.0
valid1325,0.82627584933
valid1326,-0.872715731202
valid1327,1.0
valid1328,-0.880259854356
valid1329,-1.0
valid1330,1.0
valid1331,-1.0
valid1332,-0.805309833553
valid1333,-1.0
valid1334,-1.0
valid1335,-0.904445534035
valid1336,0.878828123963
valid1337,1.0
valid1338,1.0
valid1339,1.0
valid1340,1.0
valid1341,1.0
valid1342,-0.985127696516
valid1343,-1.0
valid1344,-0.947017848769
valid1345,-1.0
valid1346,-0.982532812038
valid1347,-0.997476294813
valid1348,1.0
valid1349,0.798407950564
valid1350,1.0
valid1351,-0.680969910298
valid1352,0.973125081183
valid1353,0.909462361512
valid1354,-0.979683578354
valid1355,1.0
valid1356,-0.877214479875
valid1357,-0.987527380252
valid1358,-1.0
valid1359,-1.0
valid1360,1.0
valid1361,-1.0
valid1362,1.0
valid1363,-1.0
valid1364,0.935905708493
valid1365,0.992037600469
valid1366,-0.969589556827
valid1367,-1.0
valid1368,-1.0
valid1369,1.0
valid1370,1.0
valid1371,1.0
valid1372,1.0
valid1373,1.0
valid1374,-1.0
valid1375,-1.0
valid1376,-1.0
valid1377,-1.0
valid1378,0.948047659748
valid1379,1.0
valid1380,-0.896804950135
valid1381,0.889829661426
valid1382,1.0
valid1383,1.0
valid1384,-0.690805032919
valid1385,0.680618695445
valid1386,0.984691181471
valid1387,-0.911386023431
valid1388,0.700001578183
valid1389,0.948558729407
valid1390,-0.986620831395
valid1391,-0.909462361512
valid1392,-0.953800263936
valid1393,1.0
valid1394,-1.0
valid1395,1.0
valid1396,-1.0
valid1397,-0.854214726028
valid1398,-1.0
valid1399,-1.0
valid1400,0.850990901975
valid1401,-0.998409938394
valid1402,-0.816154683051
valid1403,1.0
valid1404,0.956668960454
valid1405,-0.75650048145
valid1406,0.972555688577
valid1407,1.0
valid1408,-0.961483770803
valid1409,1.0
valid1410,-0.805149762701
valid1411,0.997696468019
valid1412,-0.993330973526
valid1413,-0.918607217073
valid1414,1.0
valid1415,-0.837347171923
valid1416,-1.0
valid1417,-1.0
valid1418,0.777398134018
valid1419,-0.890012292779
valid1420,0.666666666667
valid1421,1.0
valid1422,1.0
valid1423,-1.0
valid1424,-0.804051283251
valid1425,0.990128025168
valid1426,1.0
valid1427,-1.0
valid1428,-0.675881004149
valid1429,-1.0
valid1430,1.0
valid1431,0.747126670639
valid1432,0.666666666667
valid1433,1.0
valid1434,1.0
valid1435,0.85853763907
valid1436,-0.828704008209
valid1437,1.0
valid1438,-1.0
valid1439,-1.0
valid1440,-1.0
valid1441,1.0
valid1442,1.0
valid1443,-1.0
valid1444,1.0
valid1445,-0.706383190189
valid1446,-0.933503399991
valid1447,0.829213584766
valid1448,1.0
valid1449,0.742767454906
valid1450,-1.0
valid1451,1.0
valid1452,-1.0
valid1453,-1.0
valid1454,-1.0
valid1455,-1.0
valid1456,1.0
valid1457,-1.0
valid1458,-0.909462361512
valid1459,-0.905954079676
valid1460,-0.973125081183
valid1461,0.999641792138
valid1462,1.0
valid1463,0.994293403116
valid1464,1.0
valid1465,0.987836237649
valid1466,0.967182592733
valid1467,-1.0
valid1468,-1.0
valid1469,1.0
valid1470,-1.0
valid1471,-0.886072564633
valid1472,-0.944264386937
valid1473,-1.0
valid1474,-1.0
valid1475,0.69954913806
valid1476,-0.824635096826
valid1477,0.933410284294
valid1478,-0.745818420531
valid1479,-0.745818420531
valid1480,0.837347171923
valid1481,-0.98734471044
valid1482,-0.916412864827
valid1483,-1.0
valid1484,-1.0
valid1485,-1.0
valid1486,-1.0
valid1487,-0.90378654363
valid1488,1.0
valid1489,-0.750091454659
valid1490,-0.956603731735
valid1491,1.0
valid1492,0.994542895165
valid1493,-0.753533821158
valid1494,1.0
valid1495,-1.0
valid1496,1.0
valid1497,-1.0
valid1498,-1.0
valid1499,0.956603731735
valid1500,-1.0
valid1501,0.77022597979
valid1502,1.0
valid1503,-0.978971618163
valid1504,0.768119586135
valid1505,1.0
valid1506,-0.995392638238
valid1507,1.0
valid1508,-1.0
valid1509,0.886072564633
valid1510,0.675304585242
valid1511,0.768119586135
valid1512,-0.920183902185
valid1513,-0.896804950135
valid1514,1.0
valid1515,0.99294313385
valid1516,-0.78027020506
valid1517,-1.0
valid1518,0.915893314124
valid1519,0.99121879713
valid1520,1.0
valid1521,0.751322841114
valid1522,-1.0
valid1523,-1.0
valid1524,1.0
valid1525,-0.828704008209
valid1526,-1.0
valid1527,-0.933503399991
valid1528,0.89475321559
valid1529,-0.948047659748
valid1530,-1.0
valid1531,-1.0
valid1532,1.0
valid1533,1.0
valid1534,-1.0
valid1535,-0.962717306462
valid1536,-0.778795590455
valid1537,-0.768119586135
valid1538,1.0
valid1539,0.973525070198
valid1540,0.913382811988
valid1541,1.0
valid1542,-1.0
valid1543,-1.0
valid1544,0.984614299367
valid1545,0.948047659748
valid1546,-0.844571231106
valid1547,-1.0
valid1548,-1.0
valid1549,0.877708638245
valid1550,1.0
valid1551,-0.9996437367
valid1552,-0.988061443576
valid1553,0.955014114189
valid1554,-1.0
valid1555,1.0
valid1556,1.0
valid1557,-1.0
valid1558,0.841206363615
valid1559,-0.744675431901
valid1560,-1.0
valid1561,0.996867254117
valid1562,1.0
valid1563,0.725821908273
valid1564,-1.0
valid1565,-1.0
valid1566,-0.775196651698
valid1567,-0.858413923374
valid1568,1.0
valid1569,1.0
valid1570,1.0
valid1571,-0.955266128535
valid1572,1.0
valid1573,1.0
valid1574,-0.981405211719
valid1575,0.971032460064
valid1576,1.0
valid1577,-0.849253681148
valid1578,0.936402637868
valid1579,-0.700001578183
valid1580,0.966882563865
valid1581,-0.948047659748
valid1582,-1.0
valid1583,-0.992464121396
valid1584,1.0
valid1585,-0.940500276887
valid1586,-1.0
valid1587,1.0
valid1588,1.0
valid1589,1.0
valid1590,-1.0
valid1591,-0.947948431815
valid1592,1.0
valid1593,-0.993191261688
valid1594,-0.850829258078
valid1595,-0.808803369377
valid1596,-0.720133827748
valid1597,0.700001578183
valid1598,0.746827129861
valid1599,-0.713377071592
valid1600,-1.0
valid1601,-0.999634556622
valid1602,0.99361734904
valid1603,-1.0
valid1604,-0.898971228097
valid1605,-1.0
valid1606,1.0
valid1607,0.954762860026
valid1608,1.0
valid1609,-1.0
valid1610,-1.0
valid1611,0.994446100417
valid1612,0.962713093666
valid1613,-1.0
valid1614,-1.0
valid1615,-0.789447763273
valid1616,0.981663630081
valid1617,-1.0
valid1618,0.856346227703
valid1619,0.910817272468
valid1620,-0.976590417545
valid1621,1.0
valid1622,-1.0
valid1623,1.0
valid1624,1.0
valid1625,-1.0
valid1626,1.0
valid1627,0.950641139886
valid1628,0.967642872195
valid1629,0.817387173306
valid1630,0.855667813531
valid1631,0.863818028699
valid1632,1.0
valid1633,-1.0
valid1634,1.0
valid1635,-0.886072564633
valid1636,1.0
valid1637,-0.956063595993
valid1638,-0.990972109989
valid1639,0.927114611946
valid1640,-0.781351048469
valid1641,0.967182592733
valid1642,0.828509626217
valid1643,-1.0
valid1644,-1.0
valid1645,-1.0
valid1646,1.0
valid1647,-1.0
valid1648,-1.0
valid1649,-1.0
valid1650,1.0
valid1651,-1.0
valid1652,1.0
valid1653,1.0
valid1654,-1.0
valid1655,-1.0
valid1656,-0.996900800367
valid1657,0.991826290107
valid1658,-0.991186740853
valid1659,1.0
valid1660,-1.0
valid1661,-0.856346227703
valid1662,0.671371564973
valid1663,-0.868035070921
valid1664,-0.985035914583
valid1665,0.920619491954
valid1666,1.0
valid1667,-0.87455831748
valid1668,-1.0
valid1669,-0.940164558393
valid1670,0.894562781425
valid1671,-1.0
valid1672,-1.0
valid1673,-0.948047659748
valid1674,0.974977629538
valid1675,-0.724652629901
valid1676,-0.786025654193
valid1677,1.0
valid1678,-1.0
valid1679,0.841280506863
valid1680,-0.939325733153
valid1681,-1.0
valid1682,1.0
valid1683,1.0
valid1684,-0.963713185631
valid1685,0.931893157401
valid1686,1.0
valid1687,-1.0
valid1688,-0.981084086807
valid1689,0.890012292779
valid1690,-1.0
valid1691,1.0
valid1692,-1.0
valid1693,0.735830736431
valid1694,1.0
valid1695,0.925443945598
valid1696,-1.0
valid1697,-1.0
valid1698,1.0
valid1699,-1.0
valid1700,-1.0
valid1701,-0.772227935358
valid1702,1.0
valid1703,-0.885855449741
valid1704,-1.0
valid1705,1.0
valid1706,0.998295514642
valid1707,1.0
valid1708,0.998234155484
valid1709,-1.0
valid1710,0.793387716147
valid1711,-1.0
valid1712,0.920183902185
valid1713,0.778795590455
valid1714,0.84117899461
valid1715,0.696488043966
valid1716,-1.0
valid1717,-1.0
valid1718,-1.0
valid1719,-0.714889778517
valid1720,1.0
valid1721,-1.0
valid1722,-0.948047659748
valid1723,0.800042573133
valid1724,-0.998409938394
valid1725,-1.0
valid1726,0.993130389782
valid1727,1.0
valid1728,-0.694668173351
valid1729,-1.0
valid1730,0.940500276887
valid1731,1.0
valid1732,-0.824635096826
valid1733,-0.941648045416
valid1734,-1.0
valid1735,1.0
valid1736,0.948047659748
valid1737,-1.0
valid1738,1.0
valid1739,-1.0
valid1740,1.0
valid1741,-0.897406568556
valid1742,-0.881650696946
valid1743,-0.985127696516
valid1744,-0.996867254117
valid1745,-0.751322841114
valid1746,-1.0
valid1747,0.988061443576
valid1748,0.768119586135
valid1749,-1.0
valid1750,1.0
valid1751,1.0
valid1752,0.948047659748
valid1753,0.953855306675
valid1754,-0.964969730392
valid1755,-1.0
valid1756,-1.0
valid1757,-0.680618695445
valid1758,0.837347171923
valid1759,-0.675881004149
valid1760,-0.683231740107
valid1761,1.0
valid1762,-0.997903766794
valid1763,-1.0
valid1764,-0.854214726028
valid1765,-1.0
valid1766,-1.0
valid1767,-0.983865194311
valid1768,-1.0
valid1769,0.800042573133
valid1770,-0.868035070921
valid1771,0.923288524607
valid1772,-0.769925602617
valid1773,-1.0
valid1774,1.0
valid1775,-1.0
valid1776,-1.0
valid1777,-0.867371630746
valid1778,-0.87455831748
valid1779,-0.721523751427
valid1780,1.0
valid1781,0.848908281974
valid1782,-0.887493431217
valid1783,-1.0
valid1784,-0.898971228097
valid1785,1.0
valid1786,0.692152182717
valid1787,1.0
valid1788,0.680618695445
valid1789,-1.0
valid1790,-1.0
valid1791,-1.0
valid1792,-1.0
valid1793,-1.0
valid1794,1.0
valid1795,1.0
valid1796,-1.0
valid1797,1.0
valid1798,-1.0
valid1799,1.0
valid1800,-0.978085841995
valid1801,0.829213584766
valid1802,0.933503399991
valid1803,1.0
valid1804,0.955266128535
valid1805,0.79680666393
valid1806,0.709940712565
valid1807,0.966204878726
valid1808,0.958419831278
valid1809,1.0
valid1810,0.685328402461
valid1811,0.88080001484
valid1812,-0.750091454659
valid1813,0.929786464657
valid1814,-0.867371630746
valid1815,0.718341462641
valid1816,-1.0
valid1817,-1.0
valid1818,1.0
valid1819,0.680618695445
valid1820,-0.720133827748
valid1821,0.99361734904
valid1822,1.0
valid1823,-0.988926382133
valid1824,0.804051283251
valid1825,1.0
valid1826,0.975152178083
valid1827,1.0
valid1828,-1.0
valid1829,1.0
valid1830,0.804035198469
valid1831,-1.0
valid1832,-1.0
valid1833,0.735830736431
valid1834,0.798407950564
valid1835,-0.976305255532
valid1836,-0.913827002557
valid1837,1.0
valid1838,-1.0
valid1839,-1.0
valid1840,-1.0
valid1841,1.0
valid1842,-0.940482628324
valid1843,0.696488043966
valid1844,0.820925412122
valid1845,1.0
valid1846,0.959288401349
valid1847,0.678397004656
valid1848,-0.977755923722
valid1849,1.0
valid1850,1.0
valid1851,-0.925443945598
valid1852,-1.0
valid1853,1.0
valid1854,-0.876784482154
valid1855,1.0
valid1856,1.0
valid1857,-0.686304253806
valid1858,1.0
valid1859,0.963713185631
valid1860,0.973125081183
valid1861,0.948047659748
valid1862,0.82627584933
valid1863,0.741765382441
valid1864,0.948047659748
valid1865,-0.902888245802
valid1866,-0.954762860026
valid1867,0.858695629342
valid1868,0.671627894638
valid1869,0.933410284294
valid1870,0.860553834422
valid1871,1.0
valid1872,0.995954719112
valid1873,0.746827129861
valid1874,0.948047659748
valid1875,1.0
valid1876,1.0
valid1877,1.0
valid1878,-1.0
valid1879,-0.962717306462
valid1880,1.0
valid1881,0.868511913523
valid1882,-1.0
valid1883,-0.849253681148
valid1884,0.758504299121
valid1885,-1.0
valid1886,1.0
valid1887,-0.948047659748
valid1888,0.672105141588
valid1889,1.0
valid1890,-1.0
valid1891,-1.0
valid1892,0.694991981932
valid1893,1.0
valid1894,1.0
valid1895,0.962009023043
valid1896,1.0
valid1897,1.0
valid1898,1.0
valid1899,-0.877708638245
valid1900,-0.761874112928
valid1901,-0.686304253806
valid1902,0.905954079676
valid1903,0.949713176942
valid1904,0.666666666667
valid1905,-0.912532091324
valid1906,0.720133827748
valid1907,0.671257421942
valid1908,0.775196651698
valid1909,-1.0
valid1910,-1.0
valid1911,-1.0
valid1912,-0.711104974922
valid1913,1.0
valid1914,-0.88152502599
valid1915,1.0
valid1916,1.0
valid1917,-1.0
valid1918,0.887493431217
valid1919,-0.675993477026
valid1920,1.0
valid1921,-0.884870086544
valid1922,-0.986620831395
valid1923,0.877708638245
valid1924,-1.0
valid1925,0.927114611946
valid1926,-1.0
valid1927,0.79434862095
valid1928,-1.0
valid1929,-1.0
valid1930,1.0
valid1931,1.0
valid1932,0.898971228097
valid1933,1.0
valid1934,-1.0
valid1935,-1.0
valid1936,-0.671257421942
valid1937,1.0
valid1938,-1.0
valid1939,-1.0
valid1940,0.816154683051
valid1941,-0.793566046886
valid1942,1.0
valid1943,-0.964725488866
valid1944,0.984864123491
valid1945,1.0
valid1946,-0.711811645181
valid1947,0.8576419556
valid1948,-1.0
valid1949,0.740829743029
valid1950,0.715499571182
valid1951,1.0
valid1952,0.838748633723
valid1953,1.0
valid1954,-0.988885484213
valid1955,-0.744675431901
valid1956,0.756393029332
valid1957,0.732087362327
valid1958,-0.997044808624
valid1959,-1.0
valid1960,-1.0
valid1961,-0.700001578183
valid1962,-1.0
valid1963,-0.931431611557
valid1964,0.887493431217
valid1965,0.990128025168
valid1966,1.0
valid1967,-1.0
valid1968,0.929221869938
valid1969,-1.0
valid1970,1.0
valid1971,1.0
valid1972,0.894562781425
valid1973,0.73539840602
valid1974,1.0
valid1975,-1.0
valid1976,-0.994536273147
valid1977,-1.0
valid1978,0.998706038625
valid1979,-0.993734032086
valid1980,0.714889778517
valid1981,1.0
valid1982,-0.999591333447
valid1983,1.0
valid1984,0.740829743029
valid1985,-1.0
valid1986,-1.0
valid1987,-1.0
valid1988,-0.937716203176
valid1989,1.0
valid1990,0.709984899183
valid1991,-1.0
valid1992,1.0
valid1993,-0.923647955964
valid1994,1.0
valid1995,1.0
valid1996,-1.0
valid1997,-0.947948431815
valid1998,0.911605759096
valid1999,-1.0
valid2000,1.0
valid2001,-0.898160120013
valid2002,-1.0
valid2003,0.751322841114
valid2004,1.0
valid2005,1.0
valid2006,0.962009023043
valid2007,-0.889829661426
valid2008,0.666666666667
valid2009,-1.0
valid2010,1.0
valid2011,-0.971925715948
valid2012,0.68555879827
valid2013,-1.0
valid2014,1.0
valid2015,-1.0
valid2016,-1.0
valid2017,-0.671371564973
valid2018,0.997472048117
valid2019,-1.0
valid2020,-1.0
valid2021,-0.780286291541
valid2022,0.988120347868
valid2023,-1.0
valid2024,-0.998769719561
valid2025,-1.0
valid2026,-0.995325869954
valid2027,0.994915046088
valid2028,-1.0
valid2029,0.889829661426
valid2030,1.0
valid2031,-1.0
valid2032,-0.987608288734
valid2033,-1.0
valid2034,-0.69954913806
valid2035,0.94486431641
valid2036,-0.948047659748
valid2037,0.981084086807
valid2038,-0.990335572054
valid2039,1.0
valid2040,-0.972555688577
valid2041,-1.0
valid2042,0.714889778517
valid2043,-0.997494795729
valid2044,1.0
valid2045,1.0
valid2046,-0.916412864827
valid2047,-1.0
valid2048,-0.979683578354
valid2049,-0.977453954363
valid2050,-0.721356729567
valid2051,-0.783027712293
valid2052,-0.747126670639
valid2053,-1.0
valid2054,-0.898971228097
valid2055,-0.933503399991
valid2056,-1.0
valid2057,-1.0
valid2058,1.0
valid2059,-1.0
valid2060,0.834141251492
valid2061,1.0
valid2062,-1.0
valid2063,1.0
valid2064,1.0
valid2065,1.0
valid2066,-0.889829661426
valid2067,0.970070092741
valid2068,1.0
valid2069,-0.953855306675
valid2070,-0.847623544463
valid2071,-1.0
valid2072,-1.0
valid2073,-0.973321100653
valid2074,1.0
valid2075,0.793566046886
valid2076,1.0
valid2077,0.968567869401
valid2078,0.921275395872
valid2079,-0.768119586135
valid2080,-1.0
valid2081,-0.887493431217
valid2082,0.992229181716
valid2083,1.0
valid2084,1.0
valid2085,-0.6817593422
valid2086,0.671627894638
valid2087,0.768119586135
valid2088,0.768119586135
valid2089,1.0
valid2090,0.99294313385
valid2091,1.0
valid2092,-1.0
valid2093,-1.0
valid2094,-0.90378654363
valid2095,-1.0
valid2096,-1.0
valid2097,-1.0
valid2098,1.0
valid2099,-0.675881004149
valid2100,-1.0
valid2101,1.0
valid2102,-1.0
valid2103,-1.0
valid2104,-0.82627584933
valid2105,0.746827129861
valid2106,1.0
valid2107,-1.0
valid2108,1.0
valid2109,-0.807504388936
valid2110,-1.0
valid2111,-0.999812878897
valid2112,0.916412864827
valid2113,1.0
valid2114,0.687767856363
valid2115,1.0
valid2116,0.971032460064
valid2117,1.0
valid2118,-1.0
valid2119,-1.0
valid2120,-1.0
valid2121,-1.0
valid2122,1.0
valid2123,0.993330973526
valid2124,0.909462361512
valid2125,-0.920619491954
valid2126,-1.0
valid2127,-0.852686657134
valid2128,1.0
valid2129,0.995883242141
valid2130,1.0
valid2131,1.0
valid2132,1.0
valid2133,-0.904445534035
valid2134,1.0
valid2135,0.666666666667
valid2136,1.0
valid2137,-1.0
valid2138,-1.0
valid2139,-1.0
valid2140,0.753533821158
valid2141,1.0
valid2142,0.867371630746
valid2143,-1.0
valid2144,-0.714889778517
valid2145,0.711104974922
valid2146,0.976305255532
valid2147,1.0
valid2148,-1.0
valid2149,-0.694991981932
valid2150,1.0
valid2151,1.0
valid2152,-0.828704008209
valid2153,-1.0
valid2154,0.84117899461
valid2155,0.994542895165
valid2156,1.0
valid2157,1.0
valid2158,-1.0
valid2159,-0.994536273147
valid2160,0.981729594819
valid2161,-1.0
valid2162,1.0
valid2163,-0.994542895165
valid2164,-1.0
valid2165,1.0
valid2166,-1.0
valid2167,1.0
valid2168,0.990920432937
valid2169,0.709940712565
valid2170,-1.0
valid2171,-0.962717306462
valid2172,1.0
valid2173,0.933503399991
valid2174,0.948047659748
valid2175,1.0
valid2176,1.0
valid2177,1.0
valid2178,-0.948047659748
valid2179,0.876784482154
valid2180,-0.932135808035
valid2181,1.0
valid2182,0.672105141588
valid2183,1.0
valid2184,-0.680618695445
valid2185,-1.0
valid2186,-1.0
valid2187,-0.996487080141
valid2188,1.0
valid2189,-0.992772499983
valid2190,1.0
valid2191,0.959288401349
valid2192,0.680578999984
valid2193,-0.736273696947
valid2194,0.834701610746
valid2195,1.0
valid2196,0.944264386937
valid2197,-0.988268563071
valid2198,-1.0
valid2199,0.818083614891
valid2200,1.0
valid2201,0.90378654363
valid2202,0.948047659748
valid2203,0.923443504493
valid2204,1.0
valid2205,-0.884493073769
valid2206,-0.898160120013
valid2207,1.0
valid2208,0.769925602617
valid2209,-0.746827129861
valid2210,1.0
valid2211,-1.0
valid2212,1.0
valid2213,-0.872715731202
valid2214,-1.0
valid2215,1.0
valid2216,0.985127696516
valid2217,1.0
valid2218,-0.997198429772
valid2219,1.0
valid2220,-1.0
valid2221,0.948047659748
valid2222,0.909462361512
valid2223,1.0
valid2224,-1.0
valid2225,-0.920183902185
valid2226,0.948047659748
valid2227,1.0
valid2228,0.847623544463
valid2229,1.0
valid2230,0.768380171599
valid2231,-0.999974531769
valid2232,0.721523751427
valid2233,1.0
valid2234,1.0
valid2235,-0.971032460064
valid2236,0.753533821158
valid2237,0.809557171471
valid2238,0.993674583456
valid2239,1.0
valid2240,-1.0
valid2241,-0.720133827748
valid2242,1.0
valid2243,-0.753533821158
valid2244,-1.0
valid2245,-0.837347171923
valid2246,-1.0
valid2247,0.912532091324
valid2248,-0.829213584766
valid2249,0.740829743029
valid2250,-1.0
valid2251,-1.0
valid2252,1.0
valid2253,0.842332295896
valid2254,0.88152502599
valid2255,-1.0
valid2256,-1.0
valid2257,0.94879060648
valid2258,-1.0
valid2259,0.666666666667
valid2260,1.0
valid2261,0.948047659748
valid2262,0.91294132689
valid2263,0.985105684255
valid2264,-0.848768198215
valid2265,-0.868028416889
valid2266,-1.0
valid2267,1.0
valid2268,0.956063595993
valid2269,0.99890224109
valid2270,-1.0
valid2271,0.82627584933
valid2272,-0.936349058857
valid2273,-1.0
valid2274,0.940500276887
valid2275,-1.0
valid2276,-0.898160120013
valid2277,1.0
valid2278,0.863818028699
valid2279,0.793566046886
valid2280,1.0
valid2281,-1.0
valid2282,1.0
valid2283,-1.0
valid2284,-0.881555200972
valid2285,-1.0
valid2286,-0.985035914583
valid2287,-0.798407950564
valid2288,1.0
valid2289,1.0
valid2290,-0.988268563071
valid2291,1.0
valid2292,1.0
valid2293,-0.878828123963
valid2294,-1.0
valid2295,-0.983865194311
valid2296,-0.948047659748
valid2297,1.0
valid2298,1.0
valid2299,-1.0
valid2300,0.793387716147
valid2301,0.666666666667
valid2302,0.935905708493
valid2303,-0.690805032919
valid2304,-1.0
valid2305,0.805309833553
valid2306,-1.0
valid2307,-1.0
valid2308,-1.0
valid2309,-0.986094356853
valid2310,1.0
valid2311,-0.933503399991
valid2312,-0.916412864827
valid2313,-0.989542769728
valid2314,1.0
valid2315,0.973125081183
valid2316,-0.916412864827
valid2317,-1.0
valid2318,1.0
valid2319,1.0
valid2320,1.0
valid2321,-0.907664247751
valid2322,-0.93761311642
valid2323,0.962717306462
valid2324,0.918607217073
valid2325,1.0
valid2326,0.988268563071
valid2327,-0.742767454906
valid2328,-0.920438053807
valid2329,-1.0
valid2330,1.0
valid2331,-1.0
valid2332,-1.0
valid2333,1.0
valid2334,-0.998198577511
valid2335,-1.0
valid2336,-1.0
valid2337,-1.0
valid2338,0.953855306675
valid2339,-1.0
valid2340,1.0
valid2341,1.0
valid2342,0.913382811988
valid2343,-1.0
valid2344,-0.864931657533
valid2345,-0.989542769728
valid2346,0.99873029763
valid2347,0.742827036447
valid2348,0.927114611946
valid2349,-1.0
valid2350,1.0
valid2351,-1.0
valid2352,-1.0
valid2353,-1.0
valid2354,-1.0
valid2355,-0.680618695445
valid2356,1.0
valid2357,1.0
valid2358,-1.0
valid2359,0.947948431815
valid2360,-1.0
valid2361,-0.783308756983
valid2362,0.978930144184
valid2363,0.79680666393
valid2364,1.0
valid2365,-0.706886251982
valid2366,-0.878828123963
valid2367,0.783027712293
valid2368,-0.985035914583
valid2369,0.77245294813
valid2370,1.0
valid2371,1.0
valid2372,-0.932135808035
valid2373,0.863604663128
valid2374,1.0
valid2375,0.850829258078
valid2376,0.671627894638
valid2377,-0.814402371363
valid2378,0.764354621331
valid2379,-1.0
valid2380,-1.0
valid2381,-0.730424138603
valid2382,-0.999552678445
valid2383,0.828577820521
valid2384,-0.997608385654
valid2385,-1.0
valid2386,0.969589556827
valid2387,0.824635096826
valid2388,-1.0
valid2389,0.783027712293
valid2390,1.0
valid2391,0.985795558369
valid2392,1.0
valid2393,-0.741868704524
valid2394,0.666666666667
valid2395,1.0
valid2396,1.0
valid2397,-0.778795590455
valid2398,-1.0
valid2399,-1.0
valid2400,1.0
valid2401,-0.757452732501
valid2402,-0.666666666667
valid2403,1.0
valid2404,1.0
valid2405,-1.0
valid2406,-0.982532812038
valid2407,1.0
valid2408,1.0
valid2409,-1.0
valid2410,-0.999978997206
valid2411,0.869841028666
valid2412,1.0
valid2413,-1.0
valid2414,-1.0
valid2415,0.939325733153
valid2416,1.0
valid2417,-1.0
valid2418,0.948047659748
valid2419,-1.0
valid2420,-0.992037600469
valid2421,0.917869608805
valid2422,-0.984035937565
valid2423,1.0
valid2424,-0.948047659748
valid2425,-0.81908255035
valid2426,0.77022597979
valid2427,1.0
valid2428,0.949878601645
valid2429,0.988268563071
valid2430,0.948047659748
valid2431,-0.986463209591
valid2432,0.963832552276
valid2433,-1.0
valid2434,-0.75650048145
valid2435,-1.0
valid2436,0.881555200972
valid2437,0.894562781425
valid2438,0.725821908273
valid2439,-1.0
valid2440,0.970590162194
valid2441,0.713626285716
valid2442,0.783027712293
valid2443,-0.85853763907
valid2444,-1.0
valid2445,-1.0
valid2446,-0.84117899461
valid2447,-0.916412864827
valid2448,-0.78560829378
valid2449,1.0
valid2450,-0.948047659748
valid2451,-0.718341462641
valid2452,-1.0
valid2453,-1.0
valid2454,-0.991954504667
valid2455,-0.666666666667
valid2456,-0.837347171923
valid2457,-0.976716016515
valid2458,-0.994213690182
valid2459,1.0
valid2460,1.0
valid2461,-0.90154693375
valid2462,-1.0
valid2463,-0.999354517799
valid2464,0.95942498129
valid2465,0.916412864827
valid2466,-1.0
valid2467,-0.690805032919
valid2468,-1.0
valid2469,-0.850990901975
valid2470,-1.0
valid2471,0.826845907411
valid2472,1.0
valid2473,1.0
valid2474,-0.933503399991
valid2475,-1.0
valid2476,0.985127696516
valid2477,0.927394125174
valid2478,-0.84117899461
valid2479,0.793566046886
valid2480,0.933503399991
valid2481,-0.696488043966
valid2482,-0.973125081183
valid2483,0.954836540765
valid2484,0.936349058857
valid2485,-0.804035198469
valid2486,0.964725488866
valid2487,-1.0
valid2488,0.838748633723
valid2489,-1.0
valid2490,-1.0
valid2491,0.841280506863
valid2492,-0.91191370813
valid2493,1.0
valid2494,-0.839165430723
valid2495,1.0
valid2496,-1.0
valid2497,-0.666666666667
valid2498,-1.0
valid2499,-0.948047659748
valid2500,-1.0
valid2501,0.680618695445
valid2502,1.0
valid2503,1.0
valid2504,0.975152178083
valid2505,-1.0
valid2506,0.694668173351
valid2507,0.927394125174
valid2508,1.0
valid2509,0.9883402167
valid2510,-0.965722738399
valid2511,1.0
valid2512,0.675881004149
valid2513,-1.0
valid2514,-0.920438053807
valid2515,1.0
valid2516,0.985035914583
valid2517,-0.700001578183
valid2518,0.995973650233
valid2519,-0.675993477026
valid2520,-1.0
valid2521,0.671371564973
valid2522,-0.933503399991
valid2523,-1.0
valid2524,-0.894582443572
valid2525,0.956854996704
valid2526,0.948047659748
valid2527,-1.0
valid2528,1.0
valid2529,1.0
valid2530,-1.0
valid2531,1.0
valid2532,-0.996716435263
valid2533,-0.743989649979
valid2534,0.847623544463
valid2535,-1.0
valid2536,-0.675881004149
valid2537,-0.93761311642
valid2538,1.0
valid2539,0.99983087791
valid2540,-0.948929250828
valid2541,-1.0
valid2542,-0.742767454906
valid2543,0.79680666393
valid2544,-0.999989584697
valid2545,-0.940482628324
valid2546,-0.936402637868
valid2547,-1.0
valid2548,-0.988268563071
valid2549,-0.993332047606
valid2550,0.948047659748
valid2551,0.99942935882
valid2552,0.895935256338
valid2553,-0.761143385094
valid2554,1.0
valid2555,-1.0
valid2556,-0.890012292779
valid2557,0.896804950135
valid2558,0.771068623987
valid2559,1.0
valid2560,1.0
valid2561,0.983864887767
valid2562,-1.0
valid2563,-0.666666666667
valid2564,-1.0
valid2565,-1.0
valid2566,-1.0
valid2567,-0.815243519609
valid2568,1.0
valid2569,0.783308756983
valid2570,1.0
valid2571,1.0
valid2572,-1.0
valid2573,1.0
valid2574,-0.692152182717
valid2575,0.826845907411
valid2576,0.77245294813
valid2577,1.0
valid2578,0.920183902185
valid2579,-0.933503399991
valid2580,-0.948047659748
valid2581,-0.948047659748
valid2582,1.0
valid2583,1.0
valid2584,0.783027712293
valid2585,-0.933503399991
valid2586,-0.949713176942
valid2587,-0.984691181471
valid2588,0.828509626217
valid2589,0.970590162194
valid2590,-0.671371564973
valid2591,1.0
valid2592,1.0
valid2593,0.680618695445
valid2594,-1.0
valid2595,0.995954719112
valid2596,-1.0
valid2597,0.847623544463
valid2598,0.966513176645
valid2599,1.0
valid2600,1.0
valid2601,1.0
valid2602,-1.0
valid2603,-1.0
valid2604,0.975913354468
valid2605,-1.0
valid2606,0.675304585242
valid2607,0.709940712565
valid2608,0.876784482154
valid2609,0.988268563071
valid2610,0.79434862095
valid2611,-0.805149762701
valid2612,-1.0
valid2613,0.78027020506
valid2614,-0.964969730392
valid2615,-1.0
valid2616,-0.88152502599
valid2617,-0.946812254604
valid2618,1.0
valid2619,-0.915893314124
valid2620,1.0
valid2621,0.978971618163
valid2622,-1.0
valid2623,0.924850343226
valid2624,-1.0
valid2625,-1.0
valid2626,-0.730424138603
valid2627,-1.0
valid2628,-0.804051283251
valid2629,0.786025654193
valid2630,0.993191261688
valid2631,0.751322841114
valid2632,1.0
valid2633,1.0
valid2634,-0.99767727897
valid2635,-1.0
valid2636,-0.740829743029
valid2637,0.90154693375
valid2638,-0.671371564973
valid2639,-1.0
valid2640,1.0
valid2641,-1.0
valid2642,1.0
valid2643,-1.0
valid2644,0.702783188471
valid2645,-1.0
valid2646,-0.885855449741
valid2647,-0.700857351732
valid2648,0.769925602617
valid2649,-0.994446100417
valid2650,-0.750091454659
valid2651,0.984351342888
valid2652,1.0
valid2653,-1.0
valid2654,0.824635096826
valid2655,-1.0
valid2656,-0.963832552276
valid2657,-1.0
valid2658,-0.671371564973
valid2659,0.727505758478
valid2660,1.0
valid2661,-0.999284062193
valid2662,-0.75526508466
valid2663,-0.859940248609
valid2664,1.0
valid2665,0.946812254604
valid2666,-1.0
valid2667,-1.0
valid2668,0.761143385094
valid2669,-1.0
valid2670,1.0
valid2671,1.0
valid2672,-1.0
valid2673,-1.0
valid2674,1.0
valid2675,-0.936963604778
valid2676,1.0
valid2677,-0.783308756983
valid2678,-1.0
valid2679,-0.768380171599
valid2680,-0.711104974922
valid2681,-1.0
valid2682,-1.0
valid2683,-1.0
valid2684,-1.0
valid2685,-1.0
valid2686,0.68555879827
valid2687,0.687767856363
valid2688,0.695345094131
valid2689,1.0
valid2690,-1.0
valid2691,-0.702783188471
valid2692,-1.0
valid2693,0.917869608805
valid2694,-1.0
valid2695,-1.0
valid2696,-0.975295267071
valid2697,-1.0
valid2698,0.675993477026
valid2699,-1.0
valid2700,0.829423365313
valid2701,-1.0
valid2702,0.747126670639
valid2703,0.979152409104
valid2704,-1.0
valid2705,-0.951820555712
valid2706,0.998876517063
valid2707,-0.938407381672
valid2708,0.728609656453
valid2709,-0.709984899183
valid2710,-1.0
valid2711,0.988885484213
valid2712,1.0
valid2713,-0.88080001484
valid2714,-0.744675431901
valid2715,-1.0
valid2716,-0.728224226857
valid2717,1.0
valid2718,0.858022940752
valid2719,-1.0
valid2720,-0.967182592733
valid2721,-1.0
valid2722,0.820925412122
valid2723,-0.990504781092
valid2724,1.0
valid2725,-1.0
valid2726,-1.0
valid2727,-0.993330973526
valid2728,-0.973670634083
valid2729,0.94486431641
valid2730,-1.0
valid2731,-0.685328402461
valid2732,1.0
valid2733,0.81054629929
valid2734,-1.0
valid2735,1.0
valid2736,0.78027020506
valid2737,1.0
valid2738,0.671257421942
valid2739,1.0
valid2740,-0.988926382133
valid2741,1.0
valid2742,1.0
valid2743,0.814402371363
valid2744,1.0
valid2745,-0.895818152176
valid2746,-0.775196651698
valid2747,-0.783027712293
valid2748,-0.825180959023
valid2749,0.959288401349
valid2750,0.834701610746
valid2751,-1.0
valid2752,-0.86765606395
valid2753,0.9883402167
valid2754,0.880259854356
valid2755,-1.0
valid2756,1.0
valid2757,-1.0
valid2758,0.996831290086
valid2759,0.947017848769
valid2760,-0.999546107336
valid2761,-1.0
valid2762,0.732087362327
valid2763,-0.976590417545
valid2764,-0.933410284294
valid2765,-0.706886251982
valid2766,-1.0
valid2767,1.0
valid2768,1.0
valid2769,1.0
valid2770,-0.666666666667
valid2771,-1.0
valid2772,0.971253194783
valid2773,0.935905708493
valid2774,-0.902888245802
valid2775,0.966882563865
valid2776,0.854214726028
valid2777,-1.0
valid2778,-0.987836237649
valid2779,-1.0
valid2780,1.0
valid2781,-0.992229181716
valid2782,0.910817272468
valid2783,0.8576419556
valid2784,0.971230849422
valid2785,-1.0
valid2786,-0.696263475472
valid2787,0.948929250828
valid2788,-1.0
valid2789,0.920870797556
valid2790,-0.996867254117
valid2791,0.725079960619
valid2792,-0.946812254604
valid2793,-0.979036091462
valid2794,1.0
valid2795,-1.0
valid2796,-1.0
valid2797,1.0
valid2798,-0.666666666667
valid2799,0.936402637868
valid2800,1.0
valid2801,0.924668847256
valid2802,-0.709984899183
valid2803,1.0
valid2804,-1.0
valid2805,0.954836540765
valid2806,-0.6817593422
valid2807,-0.831146965861
valid2808,-0.897243755791
valid2809,0.896804950135
valid2810,1.0
valid2811,0.884493073769
valid2812,-1.0
valid2813,-0.850990901975
valid2814,0.997432261173
valid2815,-0.965722738399
valid2816,1.0
valid2817,0.884870086544
valid2818,-1.0
valid2819,-1.0
valid2820,-0.99361734904
valid2821,1.0
valid2822,1.0
valid2823,0.756393029332
valid2824,0.675304585242
valid2825,0.976283990239
valid2826,-1.0
valid2827,0.761874112928
valid2828,-0.994536273147
valid2829,-1.0
valid2830,-0.924668847256
valid2831,-1.0
valid2832,1.0
valid2833,1.0
valid2834,1.0
valid2835,1.0
valid2836,-1.0
valid2837,1.0
valid2838,1.0
valid2839,1.0
valid2840,-0.735830736431
valid2841,-1.0
valid2842,1.0
valid2843,-0.807504388936
valid2844,-1.0
valid2845,0.715499571182
valid2846,1.0
valid2847,1.0
valid2848,-0.890012292779
valid2849,-0.793566046886
valid2850,1.0
valid2851,0.976590417545
valid2852,-0.966642698405
valid2853,-1.0
valid2854,0.990335572054
valid2855,-0.676357201123
valid2856,0.929078847758
valid2857,-0.956063595993
valid2858,1.0
valid2859,0.933503399991
valid2860,0.94486431641
valid2861,1.0
valid2862,-0.989867173868
valid2863,-1.0
valid2864,-1.0
valid2865,-0.715499571182
valid2866,-1.0
valid2867,-1.0
valid2868,-0.87028686607
valid2869,-1.0
valid2870,-0.930855246227
valid2871,0.715499571182
valid2872,0.826845907411
valid2873,-0.99045697985
valid2874,-0.896804950135
valid2875,0.808341671412
valid2876,1.0
valid2877,-0.99547856928
valid2878,0.839165430723
valid2879,1.0
valid2880,-0.99950816494
valid2881,-0.994213690182
valid2882,-1.0
valid2883,-0.997903766794
valid2884,-1.0
valid2885,-1.0
valid2886,-1.0
valid2887,-0.910817272468
valid2888,-0.746827129861
valid2889,1.0
valid2890,-0.998295514642
valid2891,-0.981729594819
valid2892,-1.0
valid2893,-0.766848560235
valid2894,-1.0
valid2895,-1.0
valid2896,1.0
valid2897,0.798407950564
valid2898,-0.711104974922
valid2899,0.954697200461
valid2900,-0.868028416889
valid2901,-1.0
valid2902,-0.999812613004
valid2903,-0.854244842011
valid2904,-0.944099873533
valid2905,0.709984899183
valid2906,-1.0
valid2907,-1.0
valid2908,-0.671257421942
valid2909,1.0
valid2910,-0.876610639047
valid2911,-1.0
valid2912,1.0
valid2913,1.0
valid2914,1.0
valid2915,-1.0
valid2916,1.0
valid2917,-1.0
valid2918,-0.824635096826
valid2919,-1.0
valid2920,-0.789447763273
valid2921,0.724652629901
valid2922,-0.999741982153
valid2923,-0.686081389968
valid2924,-0.70533264384
valid2925,-0.97861237294
valid2926,1.0
valid2927,1.0
valid2928,-1.0
valid2929,-0.962713093666
valid2930,1.0
valid2931,0.841206363615
valid2932,0.6817593422
valid2933,1.0
valid2934,0.772227935358
valid2935,-0.675993477026
valid2936,1.0
valid2937,1.0
valid2938,0.750091454659
valid2939,-1.0
valid2940,1.0
valid2941,0.972555688577
valid2942,0.869841028666
valid2943,0.946366787293
valid2944,1.0
valid2945,-0.747126670639
valid2946,1.0
valid2947,0.925443945598
valid2948,-1.0
valid2949,1.0
valid2950,-0.755056874974
valid2951,1.0
valid2952,0.78560829378
valid2953,1.0
valid2954,-0.847623544463
valid2955,-1.0
valid2956,0.86765606395
valid2957,0.77245294813
valid2958,1.0
valid2959,-0.985105684255
valid2960,0.999144169045
valid2961,-1.0
valid2962,-1.0
valid2963,-0.946812254604
valid2964,-0.930922561915
valid2965,1.0
valid2966,1.0
valid2967,-0.958436966506
valid2968,0.981663630081
valid2969,0.968584039501
valid2970,1.0
valid2971,-1.0
valid2972,-1.0
valid2973,-0.998198577511
valid2974,1.0
valid2975,1.0
valid2976,0.985127696516
valid2977,-1.0
valid2978,-1.0
valid2979,-1.0
valid2980,-0.933503399991
valid2981,-1.0
valid2982,-0.996867254117
valid2983,-0.792740018191
valid2984,-0.724652629901
valid2985,-1.0
valid2986,0.870780913956
valid2987,1.0
valid2988,-0.999461973196
valid2989,-0.988268563071
valid2990,-1.0
valid2991,0.99513128377
valid2992,-1.0
valid2993,1.0
valid2994,1.0
valid2995,-0.936349058857
valid2996,0.666666666667
valid2997,1.0
valid2998,-0.993330973526
valid2999,-0.890012292779
valid3000,-1.0
valid3001,-0.933503399991
valid3002,-0.933503399991
valid3003,-1.0
valid3004,0.717474058381
valid3005,1.0
valid3006,-1.0
valid3007,1.0
valid3008,1.0
valid3009,-1.0
valid3010,-0.786025654193
valid3011,0.992037600469
valid3012,-0.955934481147
valid3013,0.78560829378
valid3014,-1.0
valid3015,1.0
valid3016,-1.0
valid3017,-1.0
valid3018,0.872715731202
valid3019,-1.0
valid3020,-0.990128025168
valid3021,0.911386023431
valid3022,0.874843802613
valid3023,0.868511913523
valid3024,0.981663630081
valid3025,-1.0
valid3026,-1.0
valid3027,-0.979683578354
valid3028,0.894582443572
valid3029,0.930855246227
valid3030,-0.982432260964
valid3031,1.0
valid3032,1.0
valid3033,1.0
valid3034,-0.931431611557
valid3035,0.988268563071
valid3036,-1.0
valid3037,-1.0
valid3038,0.739107234908
valid3039,-1.0
valid3040,1.0
valid3041,-0.68555879827
valid3042,-0.721356729567
valid3043,1.0
valid3044,-0.746827129861
valid3045,1.0
valid3046,-0.910817272468
valid3047,0.677070509911
valid3048,-0.721523751427
valid3049,-0.746827129861
valid3050,0.841206363615
valid3051,-1.0
valid3052,-1.0
valid3053,0.948558729407
valid3054,-0.741868704524
valid3055,-0.690206112586
valid3056,0.820925412122
valid3057,-0.783308756983
valid3058,1.0
valid3059,-0.956668960454
valid3060,-1.0
valid3061,0.940482628324
valid3062,0.8576419556
valid3063,-1.0
valid3064,1.0
valid3065,1.0
valid3066,-1.0
valid3067,-0.999301450991
valid3068,-1.0
valid3069,-0.970241197897
valid3070,-0.781351048469
valid3071,1.0
valid3072,0.834701610746
valid3073,-1.0
valid3074,-1.0
valid3075,-1.0
valid3076,1.0
valid3077,-1.0
valid3078,-0.690805032919
valid3079,1.0
valid3080,1.0
valid3081,0.884493073769
valid3082,-0.777398134018
valid3083,0.976283990239
valid3084,0.884493073769
valid3085,-0.933503399991
valid3086,-0.829213584766
valid3087,-1.0
valid3088,-1.0
valid3089,-0.786025654193
valid3090,1.0
valid3091,-0.933503399991
valid3092,-1.0
valid3093,0.944264386937
valid3094,-1.0
valid3095,-0.725821908273
valid3096,1.0
valid3097,0.961483770803
valid3098,-0.805149762701
valid3099,0.91191370813
valid3100,0.966204878726
valid3101,-0.79434862095
valid3102,0.998451581369
valid3103,1.0
valid3104,-1.0
valid3105,-1.0
valid3106,0.984035937565
valid3107,-1.0
valid3108,0.81054629929
valid3109,0.995973650233
valid3110,-0.706886251982
valid3111,0.816154683051
valid3112,1.0
valid3113,0.946812254604
valid3114,1.0
valid3115,-1.0
valid3116,0.728224226857
valid3117,0.850829258078
valid3118,0.996900800367
valid3119,0.750091454659
valid3120,-0.988061443576
valid3121,1.0
valid3122,-0.992695803512
valid3123,0.995563419493
valid3124,-1.0
valid3125,0.744675431901
valid3126,1.0
valid3127,-1.0
valid3128,-1.0
valid3129,0.73539840602
valid3130,-1.0
valid3131,-0.736273696947
valid3132,-0.990585022632
valid3133,-1.0
valid3134,-0.948047659748
valid3135,0.858022940752
valid3136,-0.988268563071
valid3137,0.685328402461
valid3138,1.0
valid3139,0.948047659748
valid3140,0.999004950602
valid3141,1.0
valid3142,0.732947465466
valid3143,-0.898160120013
valid3144,0.968567869401
valid3145,1.0
valid3146,-0.79680666393
valid3147,-0.881555200972
valid3148,-0.894582443572
valid3149,0.993734032086
valid3150,1.0
valid3151,1.0
valid3152,1.0
valid3153,-0.725079960619
valid3154,1.0
valid3155,1.0
valid3156,-1.0
valid3157,-1.0
valid3158,-0.747126670639
valid3159,1.0
valid3160,0.720133827748
valid3161,1.0
valid3162,-0.996628775946
valid3163,0.736273696947
valid3164,-1.0
valid3165,1.0
valid3166,-1.0
valid3167,-0.666666666667
valid3168,-1.0
valid3169,-0.998706038625
valid3170,1.0
valid3171,-1.0
valid3172,1.0
valid3173,-1.0
valid3174,-0.916412864827
valid3175,-0.783308756983
valid3176,1.0
valid3177,-0.936402637868
valid3178,-1.0
valid3179,-0.97651156315
valid3180,-1.0
valid3181,-1.0
valid3182,0.868511913523
valid3183,1.0
valid3184,-0.983865194311
valid3185,-1.0
valid3186,-1.0
valid3187,0.988268563071
valid3188,1.0
valid3189,-1.0
valid3190,1.0
valid3191,0.761874112928
valid3192,-1.0
valid3193,0.776924759489
valid3194,1.0
valid3195,1.0
valid3196,-1.0
valid3197,1.0
valid3198,1.0
valid3199,0.918339017938
valid3200,0.911386023431
valid3201,-0.849253681148
valid3202,0.929221869938
valid3203,-1.0
valid3204,-0.971032460064
valid3205,0.974494998814
valid3206,-0.987527380252
valid3207,0.997850159822
valid3208,1.0
valid3209,-0.869841028666
valid3210,-1.0
valid3211,1.0
valid3212,0.850990901975
valid3213,1.0
valid3214,0.964969730392
valid3215,1.0
valid3216,-0.69049531968
valid3217,-1.0
valid3218,1.0
valid3219,1.0
valid3220,1.0
valid3221,-1.0
valid3222,1.0
valid3223,-0.990128025168
valid3224,-1.0
valid3225,-0.995278276527
valid3226,1.0
valid3227,0.953855306675
valid3228,1.0
valid3229,1.0
valid3230,0.73539840602
valid3231,-0.954836540765
valid3232,1.0
valid3233,1.0
valid3234,0.981084086807
valid3235,1.0
valid3236,-1.0
valid3237,0.890012292779
valid3238,-0.854214726028
valid3239,0.949713176942
valid3240,0.778795590455
valid3241,-1.0
valid3242,1.0
valid3243,1.0
valid3244,-1.0
valid3245,-0.913382811988
valid3246,-0.826845907411
valid3247,-0.6817593422
valid3248,-0.916412864827
valid3249,-1.0
valid3250,-0.961483770803
valid3251,0.924850343226
valid3252,1.0
valid3253,-1.0
valid3254,1.0
valid3255,1.0
valid3256,-0.798407950564
valid3257,-0.898160120013
valid3258,1.0
valid3259,1.0
valid3260,-0.90272711288
valid3261,1.0
valid3262,-0.964969730392
valid3263,0.742767454906
valid3264,1.0
valid3265,1.0
valid3266,0.961483770803
valid3267,1.0
valid3268,0.989655043968
valid3269,1.0
valid3270,1.0
valid3271,-1.0
valid3272,-1.0
valid3273,1.0
valid3274,0.988885484213
valid3275,-0.671257421942
valid3276,-0.827013198847
valid3277,1.0
valid3278,-0.996193200062
valid3279,0.814402371363
valid3280,1.0
valid3281,-1.0
valid3282,-1.0
valid3283,0.924668847256
valid3284,1.0
valid3285,-1.0
valid3286,0.960209371836
valid3287,-0.940482628324
valid3288,0.994293403116
valid3289,1.0
valid3290,-0.944099873533
valid3291,1.0
valid3292,-0.709940712565
valid3293,0.971230849422
valid3294,-0.702783188471
valid3295,-0.931893157401
valid3296,-1.0
valid3297,-0.761143385094
valid3298,0.800042573133
valid3299,-1.0
valid3300,-1.0
valid3301,-1.0
valid3302,-0.829213584766
valid3303,-0.831146965861
valid3304,-0.90378654363
valid3305,-0.713626285716
valid3306,-1.0
valid3307,-1.0
valid3308,1.0
valid3309,-1.0
valid3310,0.937954808239
valid3311,-1.0
valid3312,-1.0
valid3313,0.997696468019
valid3314,-0.975913354468
valid3315,-0.982432260964
valid3316,-1.0
valid3317,-1.0
valid3318,-0.757452732501
valid3319,1.0
valid3320,1.0
valid3321,1.0
valid3322,-1.0
valid3323,0.988926382133
valid3324,-0.916412864827
valid3325,1.0
valid3326,1.0
valid3327,-1.0
valid3328,0.924668847256
valid3329,1.0
valid3330,-0.709984899183
valid3331,0.73539840602
valid3332,-1.0
valid3333,0.70533264384
valid3334,-0.948047659748
valid3335,-0.962713093666
valid3336,-0.680969910298
valid3337,-1.0
valid3338,-1.0
valid3339,-1.0
valid3340,0.6817593422
valid3341,-0.943397596344
valid3342,1.0
valid3343,0.996532527731
valid3344,1.0
valid3345,-0.999546980668
valid3346,0.948047659748
valid3347,-0.728609656453
valid3348,1.0
valid3349,-0.735830736431
valid3350,1.0
valid3351,0.997494795729
valid3352,0.962717306462
valid3353,1.0
valid3354,-0.750091454659
valid3355,-1.0
valid3356,-1.0
valid3357,0.854214726028
valid3358,1.0
valid3359,-1.0
valid3360,-0.976590417545
valid3361,1.0
valid3362,-0.911386023431
valid3363,0.761143385094
valid3364,0.963832552276
valid3365,-1.0
valid3366,-0.887016495416
valid3367,-0.956668960454
valid3368,-1.0
valid3369,-0.976716016515
valid3370,-0.981667476012
valid3371,-0.999847564463
valid3372,-0.666666666667
valid3373,-1.0
valid3374,-1.0
valid3375,-1.0
valid3376,1.0
valid3377,1.0
valid3378,1.0
valid3379,-0.711104974922
valid3380,0.778795590455
valid3381,0.780286291541
valid3382,-0.90272711288
valid3383,-0.911605759096
valid3384,-0.850829258078
valid3385,0.783027712293
valid3386,1.0
valid3387,1.0
valid3388,0.79680666393
valid3389,0.979683578354
valid3390,1.0
valid3391,-0.800042573133
valid3392,-0.936963604778
valid3393,0.728224226857
valid3394,0.706886251982
valid3395,0.666666666667
valid3396,-0.963713185631
valid3397,-1.0
valid3398,-0.725821908273
valid3399,-1.0
valid3400,-0.936349058857
valid3401,-0.985035914583
valid3402,1.0
valid3403,-0.804051283251
valid3404,1.0
valid3405,0.983864887767
valid3406,0.778795590455
valid3407,-0.978085841995
valid3408,-0.757452732501
valid3409,1.0
valid3410,-1.0
valid3411,-1.0
valid3412,-1.0
valid3413,1.0
valid3414,1.0
valid3415,-0.867371630746
valid3416,0.850990901975
valid3417,-0.730424138603
valid3418,0.952021862107
valid3419,0.744675431901
valid3420,-1.0
valid3421,0.970241197897
valid3422,1.0
valid3423,-1.0
valid3424,0.808341671412
valid3425,-0.81908255035
valid3426,0.73050372921
valid3427,-1.0
valid3428,-0.968567869401
valid3429,1.0
valid3430,0.783308756983
valid3431,1.0
valid3432,-1.0
valid3433,-1.0
valid3434,0.694991981932
valid3435,0.706886251982
valid3436,1.0
valid3437,-1.0
valid3438,-0.936402637868
valid3439,-1.0
valid3440,0.673025779507
valid3441,-0.715645789818
valid3442,0.826845907411
valid3443,0.986040499056
valid3444,-1.0
valid3445,-1.0
valid3446,-1.0
valid3447,-1.0
valid3448,1.0
valid3449,0.820925412122
valid3450,-0.680969910298
valid3451,-0.996831290086
valid3452,1.0
valid3453,-0.846603975052
valid3454,-1.0
valid3455,0.894562781425
valid3456,0.912532091324
valid3457,-1.0
valid3458,1.0
valid3459,-1.0
valid3460,0.998977567773
valid3461,0.713626285716
valid3462,0.757452732501
valid3463,-1.0
valid3464,1.0
valid3465,-0.897406568556
valid3466,-1.0
valid3467,-1.0
valid3468,1.0
valid3469,1.0
valid3470,-0.742767454906
valid3471,-1.0
valid3472,-1.0
valid3473,-0.826845907411
valid3474,-1.0
valid3475,-0.985105684255
valid3476,-0.910492917131
valid3477,-1.0
valid3478,-0.966513176645
valid3479,-0.981084086807
valid3480,1.0
valid3481,-0.892476776944
valid3482,0.687767856363
valid3483,-0.786025654193
valid3484,-1.0
valid3485,-0.920619491954
valid3486,1.0
valid3487,-0.913382811988
valid3488,0.740829743029
valid3489,-0.936963604778
valid3490,0.949878601645
valid3491,-0.768119586135
valid3492,1.0
valid3493,-1.0
valid3494,-1.0
valid3495,0.757452732501
valid3496,-1.0
valid3497,1.0
valid3498,1.0
valid3499,-1.0
valid3500,-0.911386023431
valid3501,1.0
valid3502,-1.0
valid3503,1.0
valid3504,-0.715499571182
valid3505,-0.876610639047
valid3506,-1.0
valid3507,1.0
valid3508,-1.0
valid3509,0.932334935518
valid3510,-1.0
valid3511,-1.0
valid3512,0.894582443572
valid3513,-0.948047659748
valid3514,1.0
valid3515,-1.0
valid3516,1.0
valid3517,1.0
valid3518,0.695345094131
valid3519,1.0
valid3520,0.706886251982
valid3521,-1.0
valid3522,0.921275395872
valid3523,-1.0
valid3524,1.0
valid3525,0.902888245802
valid3526,-0.739107234908
valid3527,0.999882277476
valid3528,-1.0
valid3529,-1.0
valid3530,0.868511913523
valid3531,0.948047659748
valid3532,0.702783188471
valid3533,0.948047659748
valid3534,-0.828509626217
valid3535,1.0
valid3536,0.837347171923
valid3537,-1.0
valid3538,-0.990526815036
valid3539,0.948047659748
valid3540,-1.0
valid3541,1.0
valid3542,-0.98873815156
valid3543,-0.685328402461
valid3544,0.955266128535
valid3545,-0.715499571182
valid3546,-0.826845907411
valid3547,0.80389796993
valid3548,0.768119586135
valid3549,-0.666666666667
valid3550,-1.0
valid3551,-0.980126803243
valid3552,0.887493431217
valid3553,1.0
valid3554,-1.0
valid3555,-0.675881004149
valid3556,-1.0
valid3557,1.0
valid3558,0.768119586135
valid3559,0.764354621331
valid3560,-0.711811645181
valid3561,1.0
valid3562,-0.925446357765
valid3563,0.99346015801
valid3564,1.0
valid3565,0.767768680078
valid3566,1.0
valid3567,0.90272711288
valid3568,1.0
valid3569,0.999004950602
valid3570,1.0
valid3571,1.0
valid3572,0.725821908273
valid3573,-1.0
valid3574,1.0
valid3575,-1.0
valid3576,-1.0
valid3577,0.75650048145
valid3578,-0.924668847256
valid3579,1.0
valid3580,1.0
valid3581,-0.724652629901
valid3582,1.0
valid3583,-1.0
valid3584,0.979341760242
valid3585,-0.992037600469
valid3586,1.0
valid3587,0.746827129861
valid3588,0.864931657533
valid3589,-1.0
valid3590,-1.0
valid3591,-0.69954913806
valid3592,1.0
valid3593,-0.910492917131
valid3594,0.721523751427
valid3595,1.0
valid3596,0.804035198469
valid3597,1.0
valid3598,0.985035914583
valid3599,0.948558729407
valid3600,1.0
valid3601,-1.0
valid3602,-1.0
valid3603,1.0
valid3604,-1.0
valid3605,-0.978085841995
valid3606,1.0
valid3607,-0.994915046088
valid3608,-0.992411342562
valid3609,1.0
valid3610,-0.907664247751
valid3611,1.0
valid3612,-1.0
valid3613,-1.0
valid3614,-1.0
valid3615,-0.680618695445
valid3616,-0.988268563071
valid3617,0.895818152176
valid3618,0.96339931429
valid3619,1.0
valid3620,0.947948431815
valid3621,-1.0
valid3622,1.0
valid3623,-0.933503399991
valid3624,-0.988926382133
valid3625,-1.0
valid3626,-1.0
valid3627,-1.0
valid3628,0.80389796993
valid3629,1.0
valid3630,0.927114611946
valid3631,-1.0
valid3632,-0.978930144184
valid3633,-1.0
valid3634,1.0
valid3635,0.786025654193
valid3636,1.0
valid3637,-1.0
valid3638,-0.775196651698
valid3639,-1.0
valid3640,-1.0
valid3641,-1.0
valid3642,0.81054629929
valid3643,-0.991954504667
valid3644,0.872715731202
valid3645,-1.0
valid3646,0.99800429468
valid3647,0.772227935358
valid3648,-1.0
valid3649,1.0
valid3650,0.920438053807
valid3651,-1.0
valid3652,-1.0
valid3653,-0.948047659748
valid3654,0.909462361512
valid3655,1.0
valid3656,-0.870362137259
valid3657,-1.0
valid3658,1.0
valid3659,-0.807504388936
valid3660,-0.949306419385
valid3661,-0.91294132689
valid3662,0.991826290107
valid3663,0.948047659748
valid3664,-1.0
valid3665,-1.0
valid3666,0.690206112586
valid3667,-0.982432260964
valid3668,-0.800042573133
valid3669,-0.929221869938
valid3670,0.946812254604
valid3671,0.844571231106
valid3672,-1.0
valid3673,-0.831146965861
valid3674,-0.876784482154
valid3675,1.0
valid3676,1.0
valid3677,0.841280506863
valid3678,-0.921275395872
valid3679,1.0
valid3680,-0.927394125174
valid3681,-0.988268563071
valid3682,-1.0
valid3683,0.743989649979
valid3684,1.0
valid3685,0.974494998814
valid3686,1.0
valid3687,1.0
valid3688,0.924668847256
valid3689,0.913382811988
valid3690,1.0
valid3691,0.77245294813
valid3692,-1.0
valid3693,0.998550531477
valid3694,0.85853763907
valid3695,-0.837108395661
valid3696,-1.0
valid3697,0.844571231106
valid3698,-1.0
valid3699,-0.778795590455
valid3700,1.0
valid3701,0.820925412122
valid3702,0.700857351732
valid3703,-1.0
valid3704,1.0
valid3705,0.996193200062
valid3706,-0.933503399991
valid3707,0.955014114189
valid3708,1.0
valid3709,-1.0
valid3710,1.0
valid3711,-0.978930144184
valid3712,0.981405211719
valid3713,1.0
valid3714,-0.826845907411
valid3715,1.0
valid3716,1.0
valid3717,1.0
valid3718,0.828509626217
valid3719,1.0
valid3720,1.0
valid3721,-1.0
valid3722,-0.918607217073
valid3723,-0.761874112928
valid3724,-1.0
valid3725,0.990504781092
valid3726,1.0
valid3727,-1.0
valid3728,-1.0
valid3729,0.976282636327
valid3730,0.916412864827
valid3731,0.881650696946
valid3732,-1.0
valid3733,-0.990972109989
valid3734,0.983865194311
valid3735,1.0
valid3736,0.85853763907
valid3737,0.948047659748
valid3738,1.0
valid3739,1.0
valid3740,1.0
valid3741,-1.0
valid3742,1.0
valid3743,0.918607217073
valid3744,-1.0
valid3745,1.0
valid3746,0.894582443572
valid3747,-1.0
valid3748,1.0
valid3749,1.0
valid3750,-1.0
valid3751,-1.0
valid3752,1.0
valid3753,1.0
valid3754,0.814402371363
valid3755,-0.948047659748
valid3756,1.0
valid3757,0.90272711288
valid3758,-1.0
valid3759,-0.948558729407
valid3760,-0.946366787293
valid3761,-1.0
valid3762,1.0
valid3763,1.0
valid3764,1.0
valid3765,-0.715499571182
valid3766,-0.913827002557
valid3767,0.698733958047
valid3768,-1.0
valid3769,1.0
valid3770,0.896804950135
valid3771,-0.94879060648
valid3772,1.0
valid3773,1.0
valid3774,0.805309833553
valid3775,0.999798807532
valid3776,-0.798407950564
valid3777,0.760418590164
valid3778,0.977755923722
valid3779,1.0
valid3780,0.783027712293
valid3781,0.993888471919
valid3782,1.0
valid3783,1.0
valid3784,1.0
valid3785,-0.6817593422
valid3786,1.0
valid3787,1.0
valid3788,-0.706383190189
valid3789,-0.999299989122
valid3790,1.0
valid3791,0.842332295896
valid3792,-1.0
valid3793,-1.0
valid3794,0.740829743029
valid3795,1.0
valid3796,-1.0
valid3797,-0.743727628913
valid3798,0.997432261173
valid3799,-0.999847082399
valid3800,-0.918607217073
valid3801,-1.0
valid3802,-0.795132295829
valid3803,-0.742767454906
valid3804,1.0
valid3805,-1.0
valid3806,0.998619573897
valid3807,1.0
valid3808,1.0
valid3809,1.0
valid3810,0.798407950564
valid3811,-0.989076121142
valid3812,-1.0
valid3813,-1.0
valid3814,0.948047659748
valid3815,0.718341462641
valid3816,1.0
valid3817,-0.876784482154
valid3818,-0.902888245802
valid3819,-0.975913354468
valid3820,1.0
valid3821,-0.878828123963
valid3822,1.0
valid3823,-0.932135808035
valid3824,1.0
valid3825,-0.938407381672
valid3826,-1.0
valid3827,-0.948047659748
valid3828,-0.992772499983
valid3829,-1.0
valid3830,-0.96339931429
valid3831,-1.0
valid3832,-1.0
valid3833,0.702925429092
valid3834,1.0
valid3835,0.798407950564
valid3836,1.0
valid3837,1.0
valid3838,-0.807504388936
valid3839,0.818083614891
valid3840,0.976305255532
valid3841,-1.0
valid3842,-1.0
valid3843,-0.948047659748
valid3844,1.0
valid3845,1.0
valid3846,-0.982432260964
valid3847,1.0
valid3848,1.0
valid3849,-0.948047659748
valid3850,1.0
valid3851,-0.793566046886
valid3852,1.0
valid3853,1.0
valid3854,-1.0
valid3855,1.0
valid3856,0.702783188471
valid3857,-1.0
valid3858,0.966513176645
valid3859,0.890012292779
valid3860,-1.0
valid3861,-1.0
valid3862,0.886072564633
valid3863,-0.828509626217
valid3864,-1.0
valid3865,-1.0
valid3866,-0.956063595993
valid3867,-0.90272711288
valid3868,1.0
valid3869,0.971032460064
valid3870,-0.923288524607
valid3871,-1.0
valid3872,-1.0
valid3873,1.0
valid3874,-1.0
valid3875,0.869841028666
valid3876,1.0
valid3877,0.798407950564
valid3878,-1.0
valid3879,-1.0
valid3880,1.0
valid3881,0.973125081183
valid3882,-1.0
valid3883,1.0
valid3884,-1.0
valid3885,1.0
valid3886,0.892476776944
valid3887,0.896804950135
valid3888,1.0
valid3889,-1.0
valid3890,1.0
valid3891,-1.0
valid3892,-0.987006384098
valid3893,-1.0
valid3894,0.940164558393
valid3895,-1.0
valid3896,0.757452732501
valid3897,-1.0
valid3898,-1.0
valid3899,-0.981876361251
valid3900,-0.999622875562
valid3901,0.975152178083
valid3902,-1.0
valid3903,1.0
valid3904,-0.700001578183
valid3905,-0.829213584766
valid3906,-1.0
valid3907,-0.985035914583
valid3908,0.985840929257
valid3909,0.924668847256
valid3910,-0.969589556827
valid3911,1.0
valid3912,0.702783188471
valid3913,1.0
valid3914,-0.944264386937
valid3915,-0.816154683051
valid3916,0.94486431641
valid3917,-0.988268563071
valid3918,-1.0
valid3919,-1.0
valid3920,0.987923160341
valid3921,-0.666666666667
valid3922,0.706383190189
valid3923,-0.910817272468
valid3924,-0.932334935518
valid3925,-1.0
valid3926,-0.850990901975
valid3927,1.0
valid3928,-1.0
valid3929,-0.90378654363
valid3930,-1.0
valid3931,-0.889829661426
valid3932,-1.0
valid3933,0.894582443572
valid3934,-1.0
valid3935,-0.990128025168
valid3936,0.990128025168
valid3937,-1.0
valid3938,0.68555879827
valid3939,0.932334935518
valid3940,-0.970590162194
valid3941,0.996831290086
valid3942,-0.955934481147
valid3943,-1.0
valid3944,-0.985035914583
valid3945,-1.0
valid3946,-1.0
valid3947,1.0
valid3948,0.948047659748
valid3949,-0.696488043966
valid3950,-1.0
valid3951,-0.991186740853
valid3952,0.755056874974
valid3953,-1.0
valid3954,-0.771068623987
valid3955,-1.0
valid3956,-1.0
valid3957,-0.911386023431
valid3958,-1.0
valid3959,-0.681191330282
valid3960,0.695345094131
valid3961,-0.715499571182
valid3962,0.839165430723
valid3963,-1.0
valid3964,0.971253194783
valid3965,1.0
valid3966,1.0
valid3967,-0.744675431901
valid3968,1.0
valid3969,-1.0
valid3970,1.0
valid3971,0.838748633723
valid3972,1.0
valid3973,-0.671257421942
valid3974,1.0
valid3975,-0.804035198469
valid3976,-0.800042573133
valid3977,0.987006384098
valid3978,-1.0
valid3979,0.997507075986
valid3980,0.999152769712
valid3981,-1.0
valid3982,-1.0
valid3983,-1.0
valid3984,1.0
valid3985,0.894562781425
valid3986,0.713626285716
valid3987,-1.0
valid3988,0.99513128377
valid3989,-1.0
valid3990,-0.981084086807
valid3991,-1.0
valid3992,-0.690206112586
valid3993,0.783027712293
valid3994,-1.0
valid3995,-0.989725888972
valid3996,0.958419831278
valid3997,-0.704383115848
valid3998,-0.68555879827
valid3999,-0.792740018191
valid4000,1.0
valid4001,-1.0
valid4002,-0.735830736431
valid4003,0.903497140506
valid4004,-0.73050372921
valid4005,-0.75526508466
valid4006,-0.965722738399
valid4007,-0.918607217073
valid4008,-1.0
valid4009,0.854214726028
valid4010,0.998780807355
valid4011,-1.0
valid4012,0.671257421942
valid4013,-0.994915046088
valid4014,0.973825183457
valid4015,1.0
valid4016,0.887016495416
valid4017,0.925446357765
valid4018,-0.99979051199
valid4019,1.0
valid4020,-0.677070509911
valid4021,0.977453954363
valid4022,-1.0
valid4023,-0.73050372921
valid4024,-0.999354517799
valid4025,0.887016495416
valid4026,-1.0
valid4027,-0.858413923374
valid4028,0.974494998814
valid4029,-1.0
valid4030,-1.0
valid4031,-1.0
valid4032,-1.0
valid4033,1.0
valid4034,-0.895935256338
valid4035,-1.0
valid4036,-1.0
valid4037,0.696263475472
valid4038,-0.933503399991
valid4039,-0.877708638245
valid4040,1.0
valid4041,-0.767768680078
valid4042,0.706886251982
valid4043,-0.895935256338
valid4044,-1.0
valid4045,1.0
valid4046,-1.0
valid4047,0.924850343226
valid4048,0.975295267071
valid4049,0.983879325732
valid4050,-1.0
